TRAJ_FRAME,FRAME_INDEX,AHC_LABEL,GLY 2,LYSH 3,VAL 4,GLN 5,ILE 6,ILE 7,ASN 8,LYSH 9,LYSH 10,LEU 11,ASP 12,LEU 13
0,0,11,4.0,4.0,4.0,4.0,4.0,4.0,4.0,4.0,4.0,4.0,4.0,4.0
1,1,4,4.0,4.0,4.0,4.0,4.0,4.0,4.0,15.0,15.0,15.0,15.0,4.0
2,2,2,4.0,15.0,15.0,15.0,4.0,4.0,4.0,4.0,4.0,4.0,4.0,4.0
3,3,11,4.0,4.0,4.0,4.0,4.0,4.0,4.0,4.0,4.0,4.0,4.0,4.0
4,4,11,2.0,4.0,4.0,4.0,4.0,4.0,4.0,4.0,4.0,4.0,4.0,4.0
5,5,7,4.0,4.0,4.0,4.0,15.0,15.0,15.0,4.0,4.0,4.0,4.0,4.0
6,6,7,4.0,4.0,4.0,4.0,15.0,15.0,15.0,4.0,4.0,4.0,4.0,4.0
7,7,11,1.0,4.0,4.0,4.0,4.0,4.0,4.0,4.0,4.0,4.0,4.0,4.0
8,8,7,4.0,4.0,4.0,4.0,15.0,15.0,15.0,4.0,4.0,4.0,4.0,4.0
9,9,7,4.0,4.0,4.0,4.0,15.0,15.0,15.0,4.0,4.0,4.0,4.0,4.0
10,10,11,4.0,4.0,4.0,4.0,4.0,4.0,4.0,4.0,4.0,4.0,4.0,4.0
11,11,11,4.0,4.0,4.0,4.0,4.0,4.0,4.0,4.0,4.0,4.0,4.0,4.0
12,12,11,4.0,4.0,4.0,4.0,4.0,4.0,4.0,4.0,4.0,4.0,4.0,4.0
13,13,7,4.0,4.0,4.0,4.0,4.0,15.0,15.0,15.0,15.0,4.0,4.0,4.0
14,14,11,4.0,4.0,4.0,4.0,4.0,4.0,4.0,4.0,4.0,4.0,4.0,4.0
15,15,11,2.0,4.0,4.0,4.0,4.0,4.0,4.0,4.0,4.0,4.0,4.0,4.0
16,16,11,2.0,4.0,4.0,4.0,1.0,4.0,4.0,4.0,4.0,4.0,4.0,4.0
17,17,11,1.0,4.0,4.0,4.0,4.0,4.0,4.0,4.0,4.0,4.0,4.0,4.0
18,18,4,2.0,4.0,4.0,4.0,4.0,1.0,4.0,15.0,15.0,15.0,15.0,4.0
19,19,11,4.0,4.0,4.0,4.0,4.0,4.0,4.0,4.0,4.0,4.0,4.0,4.0
20,20,11,4.0,4.0,4.0,4.0,4.0,4.0,4.0,4.0,4.0,4.0,4.0,4.0
21,21,7,1.0,4.0,4.0,4.0,15.0,15.0,15.0,4.0,4.0,4.0,4.0,4.0
22,22,11,4.0,4.0,4.0,4.0,4.0,4.0,4.0,4.0,4.0,4.0,4.0,4.0
23,23,11,2.0,4.0,4.0,4.0,4.0,4.0,4.0,4.0,4.0,4.0,4.0,4.0
24,24,11,4.0,4.0,4.0,4.0,4.0,4.0,4.0,4.0,4.0,4.0,4.0,4.0
25,25,11,2.0,4.0,4.0,4.0,4.0,4.0,4.0,4.0,4.0,4.0,4.0,4.0
26,26,11,2.0,4.0,4.0,4.0,4.0,4.0,4.0,4.0,4.0,4.0,4.0,4.0
27,27,6,2.0,4.0,4.0,4.0,4.0,15.0,15.0,15.0,15.0,15.0,15.0,4.0
28,28,6,4.0,4.0,4.0,4.0,4.0,15.0,15.0,15.0,15.0,15.0,15.0,4.0
29,29,11,2.0,4.0,4.0,4.0,4.0,4.0,4.0,4.0,4.0,4.0,4.0,4.0
30,30,3,4.0,15.0,15.0,15.0,15.0,4.0,4.0,15.0,15.0,15.0,15.0,4.0
31,31,11,4.0,4.0,4.0,4.0,4.0,4.0,4.0,4.0,4.0,4.0,4.0,4.0
32,32,4,4.0,4.0,4.0,4.0,4.0,1.0,4.0,15.0,15.0,15.0,15.0,4.0
33,33,6,2.0,4.0,4.0,4.0,4.0,15.0,15.0,15.0,15.0,15.0,15.0,4.0
34,34,11,4.0,1.0,4.0,4.0,4.0,4.0,4.0,4.0,4.0,4.0,4.0,4.0
35,35,7,2.0,4.0,4.0,4.0,4.0,15.0,15.0,15.0,15.0,4.0,4.0,4.0
36,36,4,4.0,4.0,4.0,4.0,4.0,1.0,4.0,15.0,15.0,15.0,15.0,4.0
37,37,11,2.0,4.0,4.0,4.0,4.0,4.0,4.0,4.0,4.0,4.0,4.0,4.0
38,38,11,2.0,4.0,4.0,4.0,4.0,4.0,4.0,4.0,4.0,4.0,4.0,4.0
39,39,7,1.0,4.0,4.0,4.0,15.0,15.0,15.0,4.0,4.0,4.0,4.0,4.0
40,40,4,4.0,4.0,4.0,4.0,4.0,1.0,4.0,15.0,15.0,15.0,15.0,4.0
41,41,4,2.0,4.0,4.0,4.0,4.0,4.0,4.0,15.0,15.0,15.0,15.0,4.0
42,42,4,2.0,4.0,4.0,4.0,4.0,1.0,4.0,15.0,15.0,15.0,15.0,4.0
43,43,11,4.0,4.0,4.0,4.0,4.0,4.0,4.0,4.0,4.0,4.0,4.0,4.0
44,44,11,1.0,4.0,4.0,4.0,4.0,4.0,4.0,4.0,4.0,4.0,4.0,4.0
45,45,2,4.0,15.0,15.0,15.0,4.0,4.0,4.0,4.0,4.0,4.0,4.0,4.0
46,46,2,4.0,15.0,15.0,15.0,4.0,4.0,4.0,4.0,4.0,4.0,4.0,4.0
47,47,7,4.0,4.0,4.0,4.0,15.0,15.0,15.0,4.0,4.0,4.0,4.0,4.0
48,48,11,1.0,4.0,4.0,4.0,4.0,4.0,4.0,4.0,4.0,4.0,4.0,4.0
49,49,11,1.0,4.0,4.0,4.0,4.0,4.0,4.0,4.0,4.0,4.0,4.0,4.0
50,50,2,4.0,15.0,15.0,15.0,4.0,4.0,4.0,4.0,4.0,4.0,4.0,4.0
51,51,2,4.0,15.0,15.0,15.0,4.0,4.0,4.0,4.0,4.0,4.0,4.0,4.0
52,52,2,2.0,15.0,15.0,15.0,4.0,4.0,4.0,4.0,4.0,4.0,4.0,4.0
53,53,11,4.0,4.0,4.0,4.0,4.0,4.0,4.0,4.0,4.0,4.0,4.0,4.0
54,54,11,4.0,4.0,4.0,4.0,4.0,4.0,4.0,4.0,4.0,4.0,4.0,4.0
55,55,11,4.0,4.0,4.0,4.0,4.0,4.0,4.0,4.0,4.0,4.0,4.0,4.0
56,56,6,1.0,4.0,4.0,10.0,10.0,10.0,10.0,10.0,15.0,15.0,15.0,4.0
57,57,6,4.0,4.0,4.0,10.0,10.0,10.0,10.0,10.0,15.0,15.0,15.0,4.0
58,58,4,2.0,4.0,4.0,4.0,4.0,4.0,4.0,15.0,15.0,15.0,15.0,4.0
59,59,11,1.0,4.0,4.0,4.0,4.0,4.0,4.0,4.0,4.0,4.0,4.0,4.0
60,60,6,4.0,4.0,4.0,10.0,10.0,10.0,10.0,10.0,15.0,15.0,15.0,4.0
61,61,7,4.0,4.0,4.0,4.0,15.0,15.0,15.0,4.0,4.0,4.0,4.0,4.0
62,62,11,2.0,4.0,10.0,10.0,10.0,10.0,4.0,4.0,4.0,4.0,4.0,4.0
63,63,11,2.0,4.0,10.0,10.0,10.0,10.0,4.0,4.0,4.0,4.0,4.0,4.0
64,64,6,1.0,4.0,4.0,10.0,10.0,10.0,10.0,10.0,15.0,15.0,15.0,4.0
65,65,11,4.0,1.0,4.0,4.0,4.0,4.0,4.0,4.0,4.0,4.0,4.0,4.0
66,66,11,4.0,4.0,4.0,4.0,4.0,4.0,4.0,4.0,4.0,4.0,4.0,4.0
67,67,7,1.0,4.0,4.0,4.0,15.0,15.0,15.0,4.0,4.0,4.0,4.0,4.0
68,68,2,4.0,15.0,15.0,15.0,4.0,4.0,4.0,4.0,4.0,4.0,4.0,4.0
69,69,2,4.0,15.0,15.0,15.0,4.0,4.0,4.0,4.0,4.0,4.0,4.0,4.0
70,70,11,4.0,4.0,4.0,4.0,4.0,4.0,4.0,4.0,4.0,4.0,4.0,4.0
71,71,11,4.0,4.0,4.0,4.0,4.0,4.0,4.0,4.0,4.0,4.0,4.0,4.0
72,72,1,4.0,4.0,4.0,4.0,15.0,15.0,15.0,15.0,15.0,4.0,4.0,4.0
73,73,1,1.0,4.0,4.0,4.0,15.0,15.0,15.0,15.0,15.0,4.0,4.0,4.0
74,74,11,4.0,4.0,4.0,4.0,4.0,4.0,4.0,4.0,4.0,4.0,4.0,4.0
75,75,11,4.0,4.0,10.0,10.0,10.0,10.0,4.0,4.0,4.0,4.0,4.0,4.0
76,76,11,4.0,4.0,10.0,10.0,10.0,10.0,4.0,4.0,4.0,4.0,4.0,4.0
77,77,11,4.0,4.0,10.0,10.0,10.0,10.0,4.0,4.0,4.0,4.0,4.0,4.0
78,78,7,4.0,4.0,4.0,4.0,4.0,15.0,15.0,15.0,4.0,4.0,4.0,4.0
79,79,2,10.0,10.0,10.0,10.0,10.0,4.0,4.0,4.0,4.0,4.0,4.0,4.0
80,80,2,10.0,10.0,10.0,10.0,10.0,4.0,4.0,4.0,4.0,4.0,4.0,4.0
81,81,7,2.0,4.0,4.0,4.0,4.0,15.0,15.0,15.0,4.0,2.0,4.0,4.0
82,82,2,10.0,10.0,10.0,10.0,10.0,4.0,4.0,4.0,4.0,4.0,4.0,4.0
83,83,7,4.0,4.0,4.0,4.0,4.0,15.0,15.0,15.0,4.0,4.0,4.0,4.0
84,84,11,2.0,4.0,4.0,4.0,4.0,4.0,4.0,4.0,4.0,4.0,4.0,4.0
85,85,2,10.0,10.0,10.0,10.0,10.0,4.0,4.0,4.0,4.0,4.0,4.0,4.0
86,86,11,1.0,4.0,4.0,4.0,4.0,4.0,4.0,4.0,4.0,4.0,4.0,4.0
87,87,11,4.0,4.0,4.0,4.0,4.0,4.0,4.0,4.0,4.0,4.0,4.0,4.0
88,88,1,4.0,4.0,4.0,4.0,15.0,15.0,15.0,15.0,15.0,4.0,4.0,4.0
89,89,11,1.0,4.0,4.0,4.0,4.0,4.0,4.0,4.0,4.0,4.0,4.0,4.0
90,90,11,4.0,4.0,10.0,10.0,10.0,10.0,4.0,4.0,4.0,4.0,4.0,4.0
91,91,4,4.0,4.0,4.0,4.0,4.0,4.0,4.0,4.0,15.0,15.0,15.0,4.0
92,92,1,1.0,4.0,4.0,4.0,15.0,15.0,15.0,15.0,15.0,4.0,4.0,4.0
93,93,4,4.0,4.0,4.0,4.0,4.0,4.0,4.0,4.0,15.0,15.0,15.0,4.0
94,94,4,4.0,4.0,4.0,4.0,4.0,4.0,4.0,4.0,15.0,15.0,15.0,4.0
95,95,4,4.0,4.0,4.0,4.0,4.0,4.0,4.0,4.0,15.0,15.0,15.0,4.0
96,96,5,10.0,10.0,10.0,10.0,15.0,15.0,15.0,15.0,15.0,4.0,4.0,4.0
97,97,11,4.0,4.0,4.0,4.0,4.0,4.0,4.0,4.0,4.0,4.0,4.0,4.0
98,98,11,2.0,4.0,4.0,4.0,4.0,4.0,4.0,4.0,4.0,4.0,4.0,4.0
99,99,11,2.0,4.0,4.0,4.0,4.0,4.0,4.0,4.0,4.0,4.0,4.0,4.0
100,100,3,1.0,15.0,15.0,15.0,15.0,4.0,4.0,4.0,15.0,15.0,15.0,4.0
101,101,2,1.0,15.0,15.0,15.0,15.0,4.0,4.0,4.0,4.0,4.0,1.0,4.0
102,102,11,2.0,4.0,10.0,10.0,10.0,10.0,4.0,4.0,4.0,4.0,4.0,4.0
103,103,4,4.0,4.0,4.0,4.0,4.0,4.0,4.0,4.0,15.0,15.0,15.0,4.0
104,104,4,1.0,4.0,4.0,4.0,4.0,4.0,4.0,4.0,15.0,15.0,15.0,4.0
105,105,11,4.0,4.0,4.0,4.0,4.0,4.0,4.0,4.0,4.0,4.0,4.0,4.0
106,106,4,4.0,4.0,4.0,4.0,4.0,4.0,4.0,4.0,15.0,15.0,15.0,4.0
107,107,4,4.0,4.0,4.0,4.0,4.0,4.0,4.0,4.0,15.0,15.0,15.0,4.0
108,108,11,2.0,10.0,10.0,10.0,10.0,4.0,4.0,4.0,4.0,4.0,4.0,4.0
109,109,11,4.0,10.0,10.0,10.0,10.0,4.0,4.0,4.0,4.0,4.0,4.0,4.0
110,110,5,10.0,10.0,10.0,10.0,15.0,15.0,15.0,15.0,15.0,4.0,4.0,4.0
111,111,11,2.0,10.0,10.0,10.0,10.0,4.0,4.0,4.0,4.0,4.0,4.0,4.0
112,112,11,1.0,4.0,4.0,4.0,4.0,4.0,4.0,4.0,4.0,4.0,4.0,4.0
113,113,11,4.0,4.0,4.0,4.0,4.0,4.0,4.0,4.0,4.0,4.0,4.0,4.0
114,114,4,1.0,4.0,4.0,4.0,4.0,4.0,4.0,4.0,15.0,15.0,15.0,4.0
115,115,4,1.0,4.0,4.0,4.0,4.0,4.0,4.0,4.0,15.0,15.0,15.0,4.0
116,116,3,2.0,15.0,15.0,15.0,15.0,4.0,4.0,4.0,15.0,15.0,15.0,15.0
117,117,11,4.0,4.0,10.0,10.0,10.0,10.0,4.0,4.0,4.0,4.0,4.0,4.0
118,118,11,2.0,10.0,10.0,10.0,10.0,4.0,4.0,4.0,4.0,4.0,4.0,4.0
119,119,11,2.0,10.0,10.0,10.0,10.0,4.0,4.0,4.0,4.0,4.0,4.0,4.0
120,120,2,10.0,10.0,10.0,10.0,10.0,4.0,4.0,4.0,4.0,4.0,4.0,4.0
121,121,11,4.0,10.0,10.0,10.0,10.0,4.0,4.0,4.0,4.0,4.0,4.0,4.0
122,122,11,4.0,10.0,10.0,10.0,10.0,4.0,4.0,4.0,4.0,4.0,4.0,4.0
123,123,11,2.0,10.0,10.0,10.0,10.0,4.0,4.0,4.0,4.0,4.0,4.0,4.0
124,124,11,4.0,10.0,10.0,10.0,10.0,4.0,4.0,4.0,4.0,4.0,4.0,4.0
125,125,11,4.0,4.0,4.0,4.0,4.0,4.0,4.0,4.0,4.0,4.0,4.0,4.0
126,126,11,1.0,4.0,4.0,4.0,4.0,4.0,4.0,4.0,4.0,4.0,4.0,4.0
127,127,3,1.0,10.0,10.0,10.0,10.0,4.0,4.0,4.0,15.0,15.0,15.0,4.0
128,128,11,2.0,10.0,10.0,10.0,10.0,4.0,4.0,4.0,4.0,4.0,4.0,4.0
129,129,11,4.0,10.0,10.0,10.0,10.0,4.0,4.0,4.0,4.0,4.0,4.0,4.0
130,130,11,4.0,4.0,4.0,4.0,4.0,4.0,4.0,4.0,4.0,4.0,4.0,4.0
131,131,6,1.0,4.0,4.0,4.0,4.0,15.0,15.0,15.0,15.0,15.0,15.0,4.0
132,132,6,4.0,4.0,4.0,4.0,4.0,15.0,15.0,15.0,15.0,15.0,15.0,4.0
133,133,11,2.0,10.0,10.0,10.0,10.0,4.0,4.0,4.0,4.0,4.0,4.0,4.0
134,134,6,4.0,4.0,4.0,4.0,4.0,15.0,15.0,15.0,15.0,15.0,15.0,4.0
135,135,11,2.0,4.0,10.0,10.0,10.0,10.0,4.0,4.0,4.0,4.0,4.0,4.0
136,136,4,4.0,4.0,4.0,4.0,4.0,1.0,4.0,15.0,15.0,15.0,15.0,4.0
137,137,4,4.0,4.0,4.0,4.0,4.0,1.0,4.0,15.0,15.0,15.0,15.0,4.0
138,138,4,4.0,4.0,4.0,4.0,4.0,1.0,4.0,15.0,15.0,15.0,15.0,4.0
139,139,4,4.0,4.0,4.0,4.0,4.0,4.0,4.0,15.0,15.0,15.0,15.0,4.0
140,140,4,4.0,4.0,4.0,4.0,4.0,4.0,4.0,15.0,15.0,15.0,15.0,4.0
141,141,4,4.0,4.0,4.0,4.0,4.0,1.0,4.0,15.0,15.0,15.0,15.0,4.0
142,142,7,1.0,4.0,4.0,4.0,4.0,1.0,15.0,15.0,15.0,4.0,4.0,4.0
143,143,1,1.0,4.0,4.0,4.0,15.0,15.0,15.0,15.0,15.0,4.0,4.0,4.0
144,144,4,1.0,4.0,4.0,4.0,4.0,4.0,15.0,15.0,15.0,15.0,15.0,4.0
145,145,1,2.0,10.0,10.0,10.0,10.0,15.0,15.0,15.0,15.0,4.0,4.0,4.0
146,146,4,4.0,4.0,4.0,4.0,4.0,1.0,4.0,15.0,15.0,15.0,15.0,4.0
147,147,11,2.0,10.0,10.0,10.0,10.0,4.0,4.0,1.0,4.0,4.0,4.0,4.0
148,148,11,4.0,10.0,10.0,10.0,10.0,4.0,4.0,4.0,4.0,4.0,4.0,4.0
149,149,1,4.0,4.0,4.0,4.0,15.0,15.0,15.0,15.0,15.0,4.0,4.0,4.0
150,150,1,1.0,4.0,4.0,4.0,15.0,15.0,15.0,15.0,15.0,4.0,4.0,4.0
151,151,4,4.0,4.0,4.0,4.0,4.0,1.0,4.0,15.0,15.0,15.0,15.0,4.0
152,152,11,4.0,4.0,4.0,4.0,4.0,1.0,4.0,4.0,4.0,4.0,4.0,4.0
153,153,3,4.0,15.0,15.0,15.0,15.0,4.0,4.0,4.0,15.0,15.0,15.0,4.0
154,154,3,4.0,15.0,15.0,15.0,15.0,4.0,4.0,4.0,15.0,15.0,15.0,4.0
155,155,3,4.0,15.0,15.0,15.0,15.0,4.0,4.0,4.0,15.0,15.0,15.0,4.0
156,156,6,2.0,4.0,15.0,15.0,15.0,15.0,15.0,2.0,15.0,15.0,15.0,4.0
157,157,11,4.0,4.0,4.0,4.0,4.0,4.0,4.0,4.0,4.0,4.0,4.0,4.0
158,158,11,1.0,4.0,4.0,4.0,4.0,4.0,4.0,4.0,4.0,4.0,4.0,4.0
159,159,11,4.0,4.0,4.0,4.0,4.0,4.0,4.0,4.0,4.0,4.0,4.0,4.0
160,160,4,4.0,4.0,4.0,4.0,4.0,1.0,4.0,15.0,15.0,15.0,15.0,15.0
161,161,4,4.0,4.0,4.0,4.0,4.0,4.0,4.0,15.0,15.0,15.0,15.0,15.0
162,162,0,15.0,15.0,15.0,4.0,4.0,4.0,15.0,15.0,15.0,15.0,15.0,4.0
163,163,3,2.0,15.0,15.0,15.0,15.0,4.0,4.0,4.0,15.0,15.0,15.0,4.0
164,164,3,4.0,15.0,15.0,15.0,15.0,4.0,4.0,4.0,15.0,15.0,15.0,4.0
165,165,11,4.0,10.0,10.0,10.0,10.0,4.0,4.0,4.0,4.0,4.0,4.0,4.0
166,166,2,2.0,15.0,15.0,15.0,4.0,4.0,4.0,4.0,4.0,4.0,4.0,4.0
167,167,11,2.0,10.0,10.0,10.0,10.0,4.0,4.0,4.0,4.0,4.0,4.0,4.0
168,168,11,4.0,10.0,10.0,10.0,10.0,4.0,4.0,1.0,4.0,4.0,4.0,4.0
169,169,3,4.0,15.0,15.0,15.0,15.0,4.0,4.0,4.0,15.0,15.0,15.0,4.0
170,170,3,4.0,15.0,15.0,15.0,15.0,4.0,4.0,4.0,15.0,15.0,15.0,4.0
171,171,11,2.0,10.0,10.0,10.0,10.0,4.0,4.0,4.0,4.0,4.0,4.0,4.0
172,172,3,2.0,15.0,15.0,15.0,15.0,4.0,4.0,4.0,15.0,15.0,15.0,4.0
173,173,11,4.0,4.0,4.0,4.0,4.0,1.0,4.0,4.0,4.0,1.0,4.0,4.0
174,174,0,15.0,15.0,15.0,15.0,15.0,1.0,4.0,15.0,15.0,15.0,15.0,4.0
175,175,11,2.0,10.0,10.0,10.0,10.0,4.0,4.0,4.0,4.0,4.0,4.0,4.0
176,176,0,15.0,15.0,15.0,15.0,15.0,1.0,4.0,15.0,15.0,15.0,15.0,4.0
177,177,4,4.0,4.0,4.0,4.0,4.0,4.0,4.0,15.0,15.0,15.0,15.0,4.0
178,178,11,2.0,4.0,10.0,10.0,10.0,10.0,4.0,4.0,4.0,4.0,4.0,4.0
179,179,11,2.0,4.0,10.0,10.0,10.0,10.0,4.0,4.0,4.0,4.0,4.0,4.0
180,180,5,15.0,15.0,15.0,4.0,4.0,4.0,15.0,15.0,15.0,4.0,4.0,4.0
181,181,11,2.0,4.0,10.0,10.0,10.0,10.0,4.0,4.0,4.0,4.0,4.0,4.0
182,182,11,4.0,4.0,4.0,4.0,4.0,4.0,4.0,4.0,4.0,4.0,4.0,4.0
183,183,11,2.0,4.0,10.0,10.0,10.0,10.0,4.0,4.0,4.0,4.0,4.0,4.0
184,184,11,4.0,4.0,4.0,4.0,4.0,4.0,4.0,4.0,4.0,4.0,4.0,4.0
185,185,7,4.0,4.0,4.0,4.0,4.0,4.0,15.0,15.0,15.0,4.0,4.0,4.0
186,186,11,4.0,4.0,4.0,4.0,4.0,4.0,4.0,4.0,4.0,4.0,4.0,4.0
187,187,7,4.0,4.0,4.0,4.0,4.0,4.0,15.0,15.0,15.0,4.0,4.0,4.0
188,188,3,1.0,15.0,15.0,15.0,15.0,1.0,4.0,15.0,15.0,15.0,15.0,4.0
189,189,4,4.0,4.0,4.0,4.0,4.0,4.0,4.0,15.0,15.0,15.0,15.0,4.0
190,190,4,4.0,4.0,4.0,4.0,4.0,1.0,4.0,15.0,15.0,15.0,15.0,4.0
191,191,4,4.0,4.0,4.0,4.0,4.0,4.0,4.0,15.0,15.0,15.0,15.0,4.0
192,192,11,4.0,4.0,10.0,10.0,10.0,10.0,4.0,4.0,4.0,4.0,4.0,4.0
193,193,0,15.0,15.0,15.0,15.0,15.0,1.0,4.0,15.0,15.0,15.0,15.0,4.0
194,194,11,2.0,10.0,10.0,10.0,10.0,4.0,4.0,4.0,4.0,4.0,4.0,4.0
195,195,0,15.0,15.0,15.0,15.0,15.0,1.0,4.0,15.0,15.0,15.0,15.0,4.0
196,196,0,15.0,15.0,15.0,15.0,15.0,1.0,4.0,15.0,15.0,15.0,15.0,4.0
197,197,11,4.0,4.0,4.0,4.0,4.0,4.0,4.0,4.0,4.0,4.0,4.0,4.0
198,198,11,4.0,4.0,10.0,10.0,10.0,10.0,4.0,4.0,4.0,4.0,4.0,4.0
199,199,11,4.0,4.0,10.0,10.0,10.0,10.0,4.0,4.0,4.0,4.0,4.0,4.0
200,200,11,4.0,4.0,4.0,4.0,4.0,4.0,4.0,4.0,4.0,4.0,4.0,4.0
201,201,3,4.0,15.0,15.0,15.0,15.0,4.0,4.0,4.0,15.0,15.0,15.0,4.0
202,202,11,2.0,1.0,4.0,4.0,4.0,4.0,4.0,4.0,4.0,4.0,4.0,4.0
203,203,11,4.0,1.0,4.0,4.0,4.0,4.0,4.0,4.0,4.0,4.0,4.0,4.0
204,204,3,4.0,15.0,15.0,15.0,15.0,4.0,4.0,4.0,15.0,15.0,15.0,4.0
205,205,3,4.0,15.0,15.0,15.0,15.0,4.0,4.0,4.0,15.0,15.0,15.0,4.0
206,206,11,4.0,4.0,4.0,4.0,4.0,4.0,4.0,4.0,4.0,4.0,4.0,4.0
207,207,3,1.0,15.0,15.0,15.0,15.0,4.0,4.0,4.0,15.0,15.0,15.0,4.0
208,208,3,1.0,15.0,15.0,15.0,15.0,4.0,4.0,4.0,15.0,15.0,15.0,4.0
209,209,0,15.0,15.0,15.0,15.0,15.0,4.0,4.0,15.0,15.0,15.0,15.0,4.0
210,210,0,15.0,15.0,15.0,15.0,15.0,4.0,4.0,15.0,15.0,15.0,15.0,4.0
211,211,3,1.0,15.0,15.0,15.0,15.0,4.0,4.0,15.0,15.0,15.0,15.0,4.0
212,212,11,4.0,4.0,4.0,4.0,4.0,4.0,4.0,4.0,4.0,4.0,4.0,4.0
213,213,11,2.0,4.0,4.0,4.0,4.0,4.0,4.0,4.0,4.0,4.0,4.0,4.0
214,214,11,4.0,4.0,4.0,4.0,4.0,4.0,4.0,4.0,4.0,4.0,4.0,4.0
215,215,11,4.0,4.0,4.0,4.0,4.0,4.0,4.0,4.0,4.0,4.0,4.0,4.0
216,216,11,4.0,4.0,4.0,4.0,4.0,4.0,4.0,4.0,4.0,4.0,4.0,4.0
217,217,11,2.0,4.0,4.0,4.0,4.0,4.0,4.0,4.0,4.0,4.0,4.0,4.0
218,218,11,2.0,4.0,4.0,4.0,4.0,4.0,4.0,4.0,4.0,4.0,4.0,4.0
219,219,11,4.0,4.0,4.0,4.0,4.0,4.0,4.0,4.0,4.0,4.0,4.0,4.0
220,220,3,10.0,10.0,10.0,10.0,10.0,4.0,4.0,4.0,15.0,15.0,15.0,4.0
221,221,2,10.0,10.0,10.0,10.0,10.0,4.0,4.0,4.0,4.0,4.0,4.0,4.0
222,222,4,4.0,4.0,4.0,4.0,4.0,1.0,4.0,15.0,15.0,15.0,15.0,4.0
223,223,11,4.0,4.0,4.0,4.0,4.0,4.0,4.0,4.0,4.0,4.0,4.0,4.0
224,224,3,10.0,10.0,10.0,10.0,10.0,4.0,4.0,4.0,15.0,15.0,15.0,4.0
225,225,3,4.0,10.0,10.0,10.0,10.0,1.0,4.0,15.0,15.0,15.0,15.0,4.0
226,226,3,1.0,15.0,15.0,15.0,15.0,1.0,4.0,15.0,15.0,15.0,15.0,4.0
227,227,11,4.0,4.0,4.0,4.0,4.0,4.0,4.0,4.0,4.0,4.0,4.0,4.0
228,228,11,4.0,4.0,4.0,4.0,4.0,4.0,4.0,4.0,4.0,4.0,4.0,4.0
229,229,11,2.0,4.0,4.0,4.0,4.0,4.0,4.0,4.0,4.0,4.0,4.0,4.0
230,230,11,2.0,4.0,4.0,4.0,4.0,4.0,4.0,4.0,4.0,4.0,4.0,4.0
231,231,11,2.0,4.0,4.0,4.0,4.0,4.0,4.0,4.0,4.0,4.0,4.0,4.0
232,232,7,2.0,4.0,4.0,4.0,15.0,15.0,15.0,4.0,4.0,4.0,4.0,4.0
233,233,2,10.0,10.0,10.0,10.0,10.0,4.0,4.0,4.0,4.0,4.0,4.0,4.0
234,234,2,10.0,10.0,10.0,10.0,10.0,4.0,4.0,4.0,4.0,4.0,4.0,4.0
235,235,7,4.0,4.0,4.0,4.0,15.0,15.0,15.0,4.0,4.0,4.0,4.0,4.0
236,236,7,2.0,4.0,4.0,4.0,15.0,15.0,15.0,4.0,4.0,4.0,4.0,4.0
237,237,3,1.0,1.0,15.0,15.0,15.0,4.0,4.0,4.0,15.0,15.0,15.0,4.0
238,238,2,10.0,10.0,10.0,10.0,10.0,4.0,4.0,4.0,4.0,4.0,4.0,4.0
239,239,11,2.0,4.0,4.0,4.0,4.0,4.0,4.0,4.0,4.0,4.0,4.0,4.0
240,240,11,2.0,10.0,10.0,10.0,10.0,10.0,4.0,4.0,4.0,4.0,4.0,4.0
241,241,11,4.0,4.0,4.0,4.0,4.0,4.0,4.0,4.0,4.0,4.0,4.0,4.0
242,242,3,1.0,15.0,15.0,15.0,15.0,4.0,4.0,4.0,15.0,15.0,15.0,4.0
243,243,11,2.0,4.0,4.0,4.0,4.0,4.0,4.0,4.0,4.0,4.0,4.0,4.0
244,244,3,1.0,15.0,15.0,15.0,15.0,4.0,4.0,15.0,15.0,15.0,15.0,4.0
245,245,3,4.0,15.0,15.0,15.0,15.0,4.0,4.0,15.0,15.0,15.0,15.0,4.0
246,246,3,4.0,15.0,15.0,15.0,15.0,4.0,4.0,15.0,15.0,15.0,15.0,4.0
247,247,11,2.0,10.0,10.0,10.0,10.0,10.0,4.0,4.0,4.0,4.0,4.0,4.0
248,248,2,4.0,15.0,15.0,15.0,15.0,4.0,4.0,4.0,4.0,1.0,4.0,4.0
249,249,11,2.0,4.0,4.0,4.0,4.0,4.0,4.0,4.0,4.0,4.0,4.0,4.0
250,250,11,2.0,4.0,4.0,4.0,4.0,4.0,4.0,4.0,4.0,4.0,4.0,4.0
251,251,11,2.0,10.0,10.0,10.0,10.0,10.0,4.0,4.0,4.0,4.0,4.0,4.0
252,252,11,2.0,10.0,10.0,10.0,10.0,10.0,4.0,4.0,4.0,4.0,4.0,4.0
253,253,11,2.0,10.0,10.0,10.0,10.0,10.0,4.0,4.0,4.0,4.0,4.0,4.0
254,254,0,15.0,15.0,15.0,15.0,15.0,4.0,4.0,15.0,15.0,15.0,15.0,4.0
255,255,11,4.0,4.0,4.0,4.0,4.0,4.0,4.0,4.0,4.0,4.0,4.0,4.0
256,256,3,1.0,15.0,15.0,15.0,15.0,4.0,4.0,15.0,15.0,15.0,15.0,4.0
257,257,3,2.0,10.0,10.0,10.0,10.0,4.0,4.0,15.0,15.0,15.0,15.0,4.0
258,258,11,2.0,4.0,4.0,4.0,4.0,4.0,4.0,4.0,4.0,4.0,4.0,4.0
259,259,3,2.0,10.0,10.0,10.0,10.0,4.0,4.0,15.0,15.0,15.0,15.0,4.0
260,260,3,2.0,10.0,10.0,10.0,10.0,4.0,4.0,15.0,15.0,15.0,15.0,4.0
261,261,2,15.0,15.0,15.0,15.0,4.0,4.0,4.0,4.0,4.0,4.0,4.0,4.0
262,262,2,4.0,15.0,15.0,15.0,4.0,4.0,4.0,4.0,4.0,4.0,4.0,4.0
263,263,11,4.0,4.0,4.0,4.0,4.0,4.0,4.0,4.0,4.0,4.0,4.0,4.0
264,264,1,4.0,15.0,15.0,15.0,15.0,15.0,4.0,15.0,15.0,15.0,4.0,4.0
265,265,11,4.0,4.0,4.0,4.0,4.0,4.0,4.0,4.0,4.0,1.0,4.0,4.0
266,266,4,4.0,4.0,4.0,4.0,4.0,4.0,4.0,15.0,15.0,15.0,15.0,4.0
267,267,11,1.0,4.0,4.0,4.0,4.0,4.0,4.0,4.0,4.0,4.0,4.0,4.0
268,268,11,4.0,4.0,4.0,4.0,4.0,4.0,4.0,4.0,4.0,4.0,4.0,4.0
269,269,11,4.0,4.0,4.0,4.0,4.0,4.0,4.0,4.0,4.0,4.0,4.0,4.0
270,270,11,1.0,4.0,4.0,4.0,4.0,4.0,4.0,4.0,4.0,4.0,4.0,4.0
271,271,11,1.0,4.0,4.0,4.0,4.0,4.0,4.0,4.0,4.0,4.0,4.0,4.0
272,272,4,2.0,4.0,4.0,4.0,4.0,1.0,4.0,15.0,15.0,15.0,15.0,4.0
273,273,4,4.0,4.0,4.0,4.0,4.0,1.0,4.0,15.0,15.0,15.0,15.0,4.0
274,274,4,2.0,4.0,4.0,4.0,4.0,4.0,4.0,15.0,15.0,15.0,15.0,4.0
275,275,11,4.0,4.0,4.0,4.0,4.0,4.0,1.0,4.0,4.0,4.0,4.0,4.0
276,276,4,2.0,4.0,4.0,4.0,4.0,1.0,4.0,15.0,15.0,15.0,15.0,4.0
277,277,4,2.0,4.0,4.0,4.0,4.0,4.0,4.0,15.0,15.0,15.0,15.0,4.0
278,278,4,4.0,4.0,4.0,4.0,4.0,4.0,4.0,4.0,4.0,15.0,15.0,15.0
279,279,6,2.0,10.0,10.0,10.0,10.0,15.0,15.0,15.0,15.0,15.0,15.0,4.0
280,280,11,4.0,4.0,4.0,4.0,4.0,4.0,4.0,4.0,4.0,4.0,4.0,4.0
281,281,4,2.0,4.0,4.0,4.0,4.0,4.0,4.0,15.0,15.0,15.0,15.0,4.0
282,282,3,4.0,10.0,10.0,10.0,10.0,4.0,4.0,15.0,15.0,15.0,15.0,4.0
283,283,4,2.0,4.0,4.0,4.0,4.0,1.0,4.0,15.0,15.0,15.0,15.0,4.0
284,284,1,4.0,4.0,15.0,15.0,15.0,15.0,4.0,15.0,15.0,15.0,4.0,4.0
285,285,6,4.0,10.0,10.0,10.0,10.0,15.0,15.0,15.0,15.0,15.0,15.0,4.0
286,286,1,4.0,4.0,15.0,15.0,15.0,15.0,4.0,15.0,15.0,15.0,4.0,4.0
287,287,4,2.0,4.0,4.0,4.0,4.0,4.0,4.0,15.0,15.0,15.0,4.0,4.0
288,288,11,4.0,4.0,4.0,4.0,4.0,1.0,4.0,4.0,4.0,4.0,4.0,4.0
289,289,11,2.0,4.0,4.0,4.0,4.0,4.0,4.0,4.0,4.0,4.0,4.0,4.0
290,290,11,2.0,4.0,4.0,4.0,4.0,4.0,4.0,4.0,4.0,4.0,4.0,4.0
291,291,11,2.0,4.0,4.0,4.0,4.0,4.0,4.0,4.0,4.0,4.0,4.0,4.0
292,292,2,15.0,15.0,15.0,15.0,4.0,1.0,4.0,4.0,4.0,4.0,4.0,4.0
293,293,11,2.0,4.0,4.0,4.0,4.0,4.0,4.0,4.0,4.0,4.0,4.0,4.0
294,294,11,4.0,4.0,4.0,4.0,4.0,4.0,4.0,4.0,4.0,4.0,4.0,4.0
295,295,11,1.0,4.0,4.0,4.0,4.0,4.0,4.0,4.0,4.0,4.0,4.0,4.0
296,296,11,1.0,4.0,4.0,4.0,4.0,4.0,4.0,4.0,4.0,4.0,4.0,4.0
297,297,1,2.0,4.0,15.0,15.0,15.0,15.0,4.0,15.0,15.0,15.0,4.0,4.0
298,298,11,4.0,4.0,4.0,4.0,4.0,4.0,4.0,4.0,4.0,4.0,4.0,4.0
299,299,1,2.0,4.0,15.0,15.0,15.0,15.0,4.0,15.0,15.0,15.0,4.0,4.0
300,300,2,15.0,15.0,15.0,15.0,4.0,1.0,4.0,4.0,4.0,4.0,4.0,4.0
301,301,11,4.0,4.0,4.0,4.0,4.0,4.0,4.0,4.0,4.0,4.0,4.0,4.0
302,302,11,4.0,4.0,4.0,4.0,4.0,4.0,4.0,4.0,4.0,4.0,4.0,4.0
303,303,11,4.0,4.0,4.0,4.0,4.0,4.0,4.0,4.0,4.0,4.0,4.0,4.0
304,304,11,2.0,4.0,4.0,4.0,4.0,4.0,4.0,4.0,4.0,4.0,4.0,4.0
305,305,6,4.0,10.0,10.0,10.0,10.0,15.0,15.0,15.0,15.0,15.0,15.0,4.0
306,306,1,2.0,4.0,15.0,15.0,15.0,15.0,4.0,15.0,15.0,15.0,4.0,4.0
307,307,3,2.0,10.0,10.0,10.0,10.0,4.0,4.0,15.0,15.0,15.0,15.0,4.0
308,308,3,2.0,10.0,10.0,10.0,10.0,4.0,4.0,15.0,15.0,15.0,15.0,4.0
309,309,3,4.0,10.0,10.0,10.0,10.0,4.0,4.0,15.0,15.0,15.0,15.0,4.0
310,310,11,4.0,4.0,4.0,4.0,4.0,4.0,4.0,4.0,4.0,4.0,4.0,4.0
311,311,1,1.0,4.0,15.0,15.0,15.0,15.0,4.0,15.0,15.0,15.0,4.0,2.0
312,312,3,4.0,10.0,10.0,10.0,10.0,4.0,4.0,15.0,15.0,15.0,15.0,4.0
313,313,3,4.0,10.0,10.0,10.0,10.0,4.0,4.0,15.0,15.0,15.0,15.0,4.0
314,314,0,15.0,15.0,15.0,4.0,4.0,4.0,15.0,15.0,15.0,15.0,15.0,4.0
315,315,4,4.0,4.0,4.0,4.0,4.0,4.0,15.0,15.0,15.0,15.0,15.0,4.0
316,316,11,2.0,4.0,4.0,4.0,4.0,4.0,4.0,4.0,4.0,4.0,4.0,4.0
317,317,11,4.0,4.0,4.0,4.0,4.0,4.0,4.0,4.0,4.0,4.0,4.0,4.0
318,318,11,4.0,4.0,4.0,4.0,4.0,4.0,4.0,4.0,4.0,4.0,4.0,4.0
319,319,4,4.0,4.0,4.0,4.0,4.0,4.0,4.0,15.0,15.0,15.0,15.0,4.0
320,320,11,2.0,4.0,4.0,4.0,4.0,4.0,4.0,4.0,4.0,4.0,4.0,4.0
321,321,11,1.0,4.0,4.0,4.0,4.0,4.0,4.0,4.0,4.0,4.0,4.0,4.0
322,322,2,15.0,15.0,15.0,4.0,4.0,4.0,4.0,4.0,4.0,4.0,4.0,4.0
323,323,1,4.0,4.0,15.0,15.0,15.0,15.0,4.0,15.0,15.0,15.0,4.0,4.0
324,324,11,2.0,4.0,4.0,4.0,4.0,4.0,4.0,4.0,4.0,4.0,4.0,4.0
325,325,11,2.0,4.0,4.0,4.0,4.0,4.0,4.0,4.0,1.0,4.0,4.0,4.0
326,326,2,15.0,15.0,15.0,15.0,4.0,4.0,4.0,4.0,4.0,4.0,4.0,4.0
327,327,11,2.0,4.0,4.0,4.0,4.0,4.0,4.0,4.0,4.0,4.0,4.0,4.0
328,328,2,1.0,15.0,15.0,15.0,4.0,4.0,4.0,4.0,4.0,4.0,4.0,4.0
329,329,11,4.0,4.0,4.0,4.0,4.0,4.0,4.0,4.0,4.0,4.0,4.0,4.0
330,330,1,4.0,4.0,15.0,15.0,15.0,15.0,4.0,15.0,15.0,15.0,4.0,4.0
331,331,2,15.0,15.0,15.0,15.0,4.0,4.0,4.0,4.0,4.0,4.0,4.0,4.0
332,332,2,15.0,15.0,15.0,15.0,4.0,4.0,4.0,4.0,4.0,4.0,4.0,4.0
333,333,3,4.0,10.0,10.0,10.0,10.0,4.0,4.0,15.0,15.0,15.0,15.0,4.0
334,334,11,2.0,4.0,4.0,4.0,4.0,1.0,4.0,4.0,4.0,4.0,4.0,4.0
335,335,3,4.0,10.0,10.0,10.0,10.0,4.0,1.0,15.0,15.0,15.0,15.0,4.0
336,336,3,4.0,10.0,10.0,10.0,10.0,4.0,4.0,1.0,15.0,15.0,15.0,4.0
337,337,11,4.0,1.0,4.0,4.0,4.0,4.0,4.0,4.0,4.0,4.0,4.0,4.0
338,338,3,2.0,10.0,10.0,10.0,10.0,4.0,4.0,15.0,15.0,15.0,15.0,4.0
339,339,2,15.0,15.0,15.0,15.0,4.0,4.0,4.0,4.0,4.0,4.0,4.0,4.0
340,340,11,4.0,4.0,4.0,4.0,4.0,4.0,4.0,4.0,4.0,4.0,4.0,4.0
341,341,11,1.0,4.0,4.0,4.0,4.0,4.0,4.0,4.0,4.0,4.0,4.0,4.0
342,342,3,4.0,10.0,10.0,10.0,10.0,4.0,4.0,1.0,15.0,15.0,15.0,4.0
343,343,11,4.0,4.0,4.0,4.0,4.0,4.0,4.0,4.0,4.0,4.0,4.0,4.0
344,344,3,1.0,15.0,15.0,15.0,4.0,4.0,4.0,15.0,15.0,15.0,15.0,4.0
345,345,3,4.0,10.0,10.0,10.0,10.0,4.0,4.0,15.0,15.0,15.0,15.0,4.0
346,346,3,4.0,10.0,10.0,10.0,10.0,4.0,4.0,15.0,15.0,15.0,15.0,4.0
347,347,3,1.0,15.0,15.0,15.0,4.0,4.0,4.0,15.0,15.0,15.0,15.0,4.0
348,348,1,4.0,4.0,15.0,15.0,15.0,15.0,4.0,15.0,15.0,15.0,4.0,4.0
349,349,4,1.0,4.0,4.0,4.0,4.0,4.0,4.0,15.0,15.0,15.0,15.0,4.0
350,350,8,1.0,4.0,15.0,15.0,15.0,15.0,4.0,4.0,4.0,4.0,4.0,4.0
351,351,8,1.0,4.0,15.0,15.0,15.0,15.0,4.0,4.0,4.0,4.0,4.0,4.0
352,352,8,4.0,4.0,15.0,15.0,15.0,15.0,4.0,4.0,4.0,4.0,4.0,4.0
353,353,2,15.0,15.0,15.0,15.0,4.0,4.0,4.0,4.0,4.0,1.0,4.0,4.0
354,354,4,4.0,4.0,4.0,4.0,4.0,4.0,4.0,10.0,10.0,10.0,10.0,10.0
355,355,11,4.0,4.0,4.0,4.0,4.0,4.0,4.0,4.0,4.0,4.0,4.0,4.0
356,356,11,4.0,4.0,4.0,4.0,4.0,4.0,4.0,4.0,4.0,4.0,4.0,4.0
357,357,11,1.0,4.0,4.0,4.0,4.0,4.0,4.0,4.0,4.0,4.0,4.0,4.0
358,358,11,2.0,4.0,4.0,4.0,4.0,4.0,4.0,4.0,4.0,4.0,4.0,4.0
359,359,11,2.0,4.0,4.0,4.0,4.0,4.0,4.0,4.0,4.0,4.0,4.0,4.0
360,360,3,10.0,10.0,10.0,10.0,10.0,4.0,4.0,15.0,15.0,15.0,15.0,4.0
361,361,3,10.0,10.0,10.0,10.0,10.0,4.0,4.0,15.0,15.0,15.0,15.0,4.0
362,362,3,10.0,10.0,10.0,10.0,10.0,4.0,4.0,15.0,15.0,15.0,15.0,4.0
363,363,3,4.0,15.0,15.0,15.0,4.0,4.0,4.0,15.0,15.0,15.0,15.0,4.0
364,364,9,15.0,15.0,15.0,15.0,15.0,15.0,4.0,4.0,4.0,4.0,4.0,4.0
365,365,9,15.0,15.0,15.0,15.0,15.0,15.0,4.0,4.0,4.0,4.0,4.0,4.0
366,366,8,1.0,1.0,15.0,15.0,15.0,15.0,4.0,4.0,4.0,4.0,4.0,4.0
367,367,11,2.0,4.0,4.0,4.0,4.0,4.0,4.0,4.0,4.0,4.0,4.0,4.0
368,368,4,4.0,4.0,4.0,4.0,4.0,4.0,4.0,15.0,15.0,15.0,15.0,4.0
369,369,8,4.0,15.0,15.0,15.0,15.0,15.0,4.0,4.0,4.0,4.0,4.0,4.0
370,370,8,4.0,15.0,15.0,15.0,15.0,15.0,4.0,4.0,4.0,4.0,4.0,4.0
371,371,3,2.0,15.0,15.0,15.0,4.0,4.0,4.0,15.0,15.0,15.0,15.0,4.0
372,372,3,2.0,15.0,15.0,15.0,4.0,4.0,4.0,15.0,15.0,15.0,15.0,4.0
373,373,11,1.0,4.0,4.0,4.0,4.0,4.0,4.0,4.0,4.0,4.0,4.0,4.0
374,374,3,10.0,10.0,10.0,10.0,10.0,4.0,4.0,15.0,15.0,15.0,15.0,4.0
375,375,3,10.0,10.0,10.0,10.0,10.0,4.0,4.0,15.0,15.0,15.0,15.0,4.0
376,376,3,10.0,10.0,10.0,10.0,10.0,4.0,4.0,15.0,15.0,15.0,15.0,4.0
377,377,8,4.0,15.0,15.0,15.0,15.0,15.0,4.0,4.0,4.0,4.0,4.0,4.0
378,378,11,4.0,10.0,10.0,10.0,10.0,4.0,4.0,4.0,4.0,4.0,4.0,4.0
379,379,11,2.0,4.0,4.0,4.0,4.0,4.0,4.0,4.0,4.0,4.0,4.0,4.0
380,380,3,10.0,10.0,10.0,10.0,10.0,4.0,4.0,15.0,15.0,15.0,15.0,4.0
381,381,11,1.0,10.0,10.0,10.0,10.0,4.0,4.0,4.0,4.0,4.0,4.0,4.0
382,382,11,2.0,4.0,4.0,4.0,4.0,4.0,4.0,4.0,4.0,4.0,4.0,4.0
383,383,3,10.0,10.0,10.0,10.0,10.0,4.0,4.0,15.0,15.0,15.0,15.0,4.0
384,384,11,2.0,4.0,4.0,4.0,4.0,4.0,4.0,4.0,4.0,4.0,4.0,4.0
385,385,3,10.0,10.0,10.0,10.0,10.0,4.0,4.0,15.0,15.0,15.0,15.0,4.0
386,386,11,2.0,10.0,10.0,10.0,10.0,10.0,10.0,4.0,4.0,4.0,4.0,4.0
387,387,11,2.0,10.0,10.0,10.0,10.0,10.0,10.0,4.0,4.0,4.0,4.0,4.0
388,388,11,1.0,4.0,4.0,4.0,4.0,4.0,4.0,4.0,4.0,4.0,4.0,4.0
389,389,3,10.0,10.0,10.0,10.0,10.0,4.0,4.0,15.0,15.0,15.0,15.0,4.0
390,390,8,4.0,15.0,15.0,15.0,15.0,15.0,4.0,4.0,4.0,4.0,4.0,4.0
391,391,11,1.0,10.0,10.0,10.0,10.0,4.0,4.0,4.0,4.0,4.0,4.0,4.0
392,392,11,4.0,10.0,10.0,10.0,10.0,4.0,4.0,4.0,4.0,4.0,4.0,4.0
393,393,8,2.0,15.0,15.0,15.0,15.0,15.0,4.0,4.0,4.0,4.0,4.0,4.0
394,394,8,2.0,15.0,15.0,15.0,15.0,15.0,4.0,4.0,4.0,4.0,4.0,4.0
395,395,8,2.0,15.0,15.0,15.0,15.0,15.0,4.0,4.0,4.0,4.0,4.0,4.0
396,396,4,4.0,4.0,4.0,4.0,4.0,4.0,4.0,15.0,15.0,15.0,15.0,4.0
397,397,11,2.0,10.0,10.0,10.0,10.0,10.0,10.0,4.0,4.0,4.0,4.0,4.0
398,398,11,2.0,10.0,10.0,10.0,10.0,10.0,10.0,4.0,4.0,4.0,4.0,4.0
399,399,4,4.0,4.0,4.0,4.0,4.0,4.0,4.0,15.0,15.0,15.0,15.0,4.0
400,400,8,2.0,15.0,15.0,15.0,15.0,15.0,4.0,4.0,4.0,4.0,4.0,4.0
401,401,11,4.0,4.0,4.0,4.0,4.0,4.0,4.0,4.0,4.0,4.0,4.0,4.0
402,402,8,4.0,15.0,15.0,15.0,15.0,15.0,4.0,4.0,4.0,4.0,4.0,4.0
403,403,11,4.0,4.0,4.0,4.0,4.0,4.0,4.0,4.0,4.0,4.0,4.0,4.0
404,404,11,2.0,10.0,10.0,10.0,10.0,10.0,10.0,4.0,4.0,4.0,4.0,4.0
405,405,11,2.0,4.0,4.0,4.0,4.0,4.0,4.0,4.0,4.0,4.0,4.0,4.0
406,406,8,1.0,15.0,15.0,15.0,15.0,15.0,4.0,4.0,4.0,4.0,4.0,4.0
407,407,9,15.0,15.0,15.0,15.0,15.0,15.0,4.0,4.0,4.0,4.0,4.0,4.0
408,408,8,4.0,4.0,1.0,15.0,15.0,15.0,4.0,4.0,4.0,4.0,4.0,4.0
409,409,11,4.0,4.0,4.0,4.0,4.0,4.0,4.0,4.0,4.0,4.0,4.0,4.0
410,410,11,2.0,4.0,4.0,4.0,4.0,4.0,4.0,4.0,1.0,4.0,4.0,4.0
411,411,6,2.0,4.0,4.0,15.0,15.0,15.0,15.0,4.0,15.0,15.0,15.0,4.0
412,412,9,15.0,15.0,15.0,15.0,15.0,15.0,4.0,4.0,4.0,4.0,4.0,4.0
413,413,11,4.0,4.0,4.0,4.0,4.0,4.0,4.0,4.0,4.0,4.0,4.0,4.0
414,414,11,4.0,4.0,4.0,4.0,4.0,1.0,4.0,4.0,4.0,4.0,4.0,4.0
415,415,11,4.0,4.0,4.0,4.0,4.0,4.0,4.0,4.0,4.0,4.0,4.0,4.0
416,416,8,1.0,15.0,15.0,15.0,15.0,15.0,4.0,4.0,4.0,4.0,4.0,4.0
417,417,8,1.0,15.0,15.0,15.0,15.0,15.0,4.0,4.0,4.0,4.0,4.0,4.0
418,418,11,2.0,4.0,4.0,4.0,4.0,4.0,4.0,4.0,4.0,4.0,4.0,4.0
419,419,11,2.0,4.0,4.0,4.0,4.0,4.0,4.0,4.0,4.0,4.0,4.0,4.0
420,420,2,2.0,15.0,15.0,15.0,4.0,4.0,4.0,4.0,4.0,4.0,4.0,4.0
421,421,8,2.0,4.0,4.0,15.0,15.0,15.0,15.0,4.0,4.0,4.0,4.0,4.0
422,422,2,2.0,15.0,15.0,15.0,4.0,4.0,4.0,4.0,4.0,4.0,4.0,4.0
423,423,11,1.0,4.0,4.0,4.0,4.0,4.0,4.0,4.0,4.0,4.0,4.0,4.0
424,424,9,15.0,15.0,15.0,15.0,15.0,15.0,4.0,4.0,4.0,4.0,4.0,4.0
425,425,9,15.0,15.0,15.0,15.0,15.0,15.0,4.0,4.0,4.0,4.0,4.0,4.0
426,426,2,4.0,15.0,15.0,15.0,4.0,4.0,4.0,4.0,4.0,4.0,4.0,4.0
427,427,6,10.0,10.0,10.0,10.0,10.0,15.0,15.0,15.0,15.0,15.0,15.0,4.0
428,428,9,15.0,15.0,15.0,15.0,15.0,15.0,4.0,4.0,4.0,4.0,4.0,4.0
429,429,8,2.0,4.0,15.0,15.0,15.0,15.0,4.0,4.0,4.0,4.0,4.0,4.0
430,430,8,1.0,15.0,15.0,15.0,15.0,15.0,4.0,4.0,4.0,4.0,4.0,4.0
431,431,5,10.0,10.0,10.0,10.0,10.0,15.0,15.0,15.0,15.0,1.0,4.0,4.0
432,432,9,15.0,15.0,15.0,15.0,15.0,15.0,4.0,4.0,4.0,4.0,4.0,4.0
433,433,8,1.0,15.0,15.0,15.0,15.0,15.0,4.0,4.0,4.0,4.0,4.0,4.0
434,434,6,10.0,10.0,10.0,10.0,10.0,15.0,15.0,15.0,15.0,15.0,15.0,4.0
435,435,8,1.0,15.0,15.0,15.0,15.0,15.0,4.0,4.0,4.0,4.0,4.0,4.0
436,436,11,2.0,4.0,4.0,4.0,4.0,4.0,4.0,4.0,4.0,4.0,4.0,4.0
437,437,8,4.0,4.0,15.0,15.0,15.0,15.0,15.0,4.0,4.0,4.0,4.0,4.0
438,438,8,1.0,15.0,15.0,15.0,15.0,15.0,15.0,4.0,4.0,4.0,4.0,4.0
439,439,11,2.0,4.0,4.0,4.0,4.0,4.0,4.0,4.0,4.0,4.0,4.0,4.0
440,440,2,10.0,10.0,10.0,10.0,10.0,4.0,4.0,4.0,4.0,4.0,4.0,4.0
441,441,6,10.0,10.0,10.0,10.0,10.0,15.0,15.0,15.0,15.0,15.0,15.0,4.0
442,442,11,4.0,4.0,4.0,4.0,4.0,4.0,4.0,4.0,4.0,4.0,4.0,4.0
443,443,11,4.0,4.0,4.0,1.0,4.0,4.0,4.0,4.0,4.0,4.0,4.0,4.0
444,444,8,4.0,4.0,15.0,15.0,15.0,15.0,4.0,4.0,4.0,4.0,4.0,4.0
445,445,6,10.0,10.0,10.0,10.0,10.0,15.0,15.0,15.0,15.0,15.0,15.0,4.0
446,446,2,4.0,15.0,15.0,15.0,4.0,4.0,4.0,4.0,4.0,4.0,4.0,4.0
447,447,6,10.0,10.0,10.0,10.0,10.0,15.0,15.0,15.0,15.0,15.0,15.0,4.0
448,448,11,2.0,4.0,4.0,4.0,4.0,4.0,4.0,4.0,4.0,4.0,4.0,4.0
449,449,8,4.0,4.0,15.0,15.0,15.0,15.0,4.0,4.0,4.0,4.0,4.0,4.0
450,450,1,4.0,4.0,4.0,15.0,15.0,15.0,15.0,15.0,15.0,4.0,4.0,4.0
451,451,11,2.0,4.0,4.0,4.0,4.0,4.0,4.0,4.0,4.0,4.0,4.0,4.0
452,452,8,4.0,4.0,15.0,15.0,15.0,15.0,4.0,4.0,4.0,4.0,4.0,4.0
453,453,11,4.0,4.0,4.0,4.0,4.0,4.0,4.0,4.0,4.0,4.0,4.0,4.0
454,454,8,4.0,4.0,15.0,15.0,15.0,15.0,4.0,4.0,1.0,4.0,4.0,4.0
455,455,2,4.0,15.0,15.0,15.0,4.0,4.0,4.0,4.0,4.0,4.0,4.0,4.0
456,456,6,10.0,10.0,10.0,10.0,10.0,15.0,15.0,15.0,15.0,15.0,15.0,4.0
457,457,2,1.0,15.0,15.0,15.0,4.0,4.0,4.0,4.0,4.0,4.0,4.0,4.0
458,458,8,1.0,4.0,15.0,15.0,15.0,15.0,4.0,4.0,4.0,4.0,4.0,4.0
459,459,4,4.0,4.0,4.0,4.0,4.0,4.0,4.0,4.0,15.0,15.0,15.0,4.0
460,460,8,4.0,4.0,4.0,15.0,15.0,15.0,4.0,4.0,4.0,4.0,4.0,4.0
461,461,6,10.0,10.0,10.0,10.0,10.0,15.0,15.0,15.0,15.0,15.0,15.0,4.0
462,462,8,4.0,4.0,4.0,15.0,15.0,15.0,4.0,4.0,4.0,4.0,4.0,4.0
463,463,8,4.0,4.0,4.0,15.0,15.0,15.0,4.0,4.0,4.0,4.0,4.0,4.0
464,464,2,15.0,15.0,15.0,15.0,4.0,4.0,4.0,4.0,4.0,4.0,4.0,4.0
465,465,11,4.0,4.0,4.0,4.0,4.0,4.0,4.0,4.0,4.0,4.0,4.0,4.0
466,466,11,4.0,4.0,4.0,4.0,4.0,4.0,4.0,4.0,4.0,4.0,4.0,4.0
467,467,1,4.0,4.0,4.0,15.0,15.0,15.0,4.0,15.0,15.0,15.0,4.0,4.0
468,468,2,1.0,15.0,15.0,15.0,4.0,4.0,4.0,4.0,4.0,4.0,4.0,4.0
469,469,11,4.0,4.0,4.0,4.0,4.0,4.0,4.0,4.0,4.0,4.0,4.0,4.0
470,470,11,2.0,4.0,4.0,4.0,4.0,4.0,4.0,4.0,4.0,4.0,4.0,4.0
471,471,11,2.0,4.0,4.0,4.0,4.0,4.0,4.0,4.0,4.0,4.0,4.0,4.0
472,472,11,2.0,4.0,4.0,4.0,4.0,4.0,4.0,4.0,4.0,4.0,4.0,4.0
473,473,1,4.0,4.0,4.0,15.0,15.0,15.0,15.0,15.0,15.0,4.0,4.0,4.0
474,474,1,4.0,4.0,4.0,15.0,15.0,15.0,15.0,15.0,15.0,4.0,4.0,4.0
475,475,11,4.0,1.0,4.0,4.0,4.0,4.0,4.0,4.0,4.0,4.0,4.0,4.0
476,476,11,4.0,4.0,4.0,4.0,4.0,4.0,4.0,4.0,4.0,4.0,4.0,4.0
477,477,11,4.0,4.0,4.0,4.0,4.0,4.0,4.0,4.0,4.0,4.0,4.0,4.0
478,478,11,2.0,4.0,4.0,4.0,4.0,4.0,4.0,4.0,4.0,4.0,4.0,4.0
479,479,11,4.0,10.0,10.0,10.0,10.0,10.0,10.0,4.0,4.0,4.0,4.0,4.0
480,480,5,4.0,10.0,10.0,10.0,10.0,15.0,15.0,15.0,4.0,1.0,4.0,4.0
481,481,8,4.0,4.0,4.0,15.0,15.0,15.0,15.0,15.0,4.0,4.0,4.0,4.0
482,482,11,4.0,10.0,10.0,10.0,10.0,10.0,10.0,4.0,4.0,4.0,4.0,4.0
483,483,8,4.0,4.0,15.0,15.0,15.0,15.0,4.0,4.0,4.0,4.0,4.0,4.0
484,484,5,4.0,10.0,10.0,10.0,10.0,15.0,15.0,15.0,4.0,4.0,4.0,4.0
485,485,5,4.0,10.0,10.0,10.0,10.0,15.0,15.0,15.0,4.0,4.0,4.0,4.0
486,486,5,1.0,10.0,10.0,10.0,10.0,15.0,15.0,15.0,4.0,4.0,4.0,4.0
487,487,11,1.0,10.0,10.0,10.0,10.0,10.0,10.0,4.0,4.0,4.0,4.0,4.0
488,488,1,4.0,4.0,4.0,15.0,15.0,15.0,15.0,15.0,15.0,4.0,4.0,4.0
489,489,6,4.0,4.0,4.0,4.0,4.0,15.0,15.0,15.0,15.0,15.0,15.0,4.0
490,490,6,4.0,4.0,4.0,4.0,4.0,15.0,15.0,15.0,15.0,15.0,15.0,4.0
491,491,11,4.0,10.0,10.0,10.0,10.0,10.0,10.0,4.0,4.0,4.0,4.0,4.0
492,492,1,1.0,4.0,4.0,15.0,15.0,15.0,15.0,15.0,15.0,4.0,4.0,4.0
493,493,6,4.0,4.0,4.0,4.0,4.0,15.0,15.0,15.0,15.0,15.0,15.0,4.0
494,494,6,4.0,4.0,4.0,4.0,4.0,15.0,15.0,15.0,15.0,15.0,15.0,4.0
495,495,11,2.0,10.0,10.0,10.0,10.0,10.0,10.0,4.0,4.0,4.0,4.0,4.0
496,496,6,4.0,4.0,4.0,4.0,4.0,15.0,15.0,15.0,15.0,15.0,15.0,4.0
497,497,5,2.0,10.0,10.0,10.0,10.0,15.0,15.0,15.0,4.0,4.0,4.0,4.0
498,498,8,2.0,4.0,4.0,15.0,15.0,15.0,15.0,15.0,4.0,4.0,4.0,4.0
499,499,6,4.0,4.0,4.0,4.0,4.0,15.0,15.0,15.0,15.0,15.0,15.0,4.0
500,500,6,4.0,4.0,4.0,4.0,4.0,15.0,15.0,15.0,15.0,15.0,15.0,4.0
501,501,11,2.0,10.0,10.0,10.0,10.0,10.0,10.0,4.0,4.0,4.0,4.0,4.0
502,502,6,4.0,4.0,4.0,4.0,4.0,15.0,15.0,15.0,15.0,15.0,15.0,4.0
503,503,11,2.0,10.0,10.0,10.0,10.0,10.0,10.0,4.0,4.0,4.0,4.0,4.0
504,504,11,2.0,10.0,10.0,10.0,10.0,10.0,10.0,4.0,4.0,4.0,4.0,4.0
505,505,11,2.0,10.0,10.0,10.0,10.0,10.0,10.0,4.0,4.0,4.0,4.0,4.0
506,506,11,2.0,10.0,10.0,10.0,10.0,10.0,10.0,4.0,4.0,4.0,4.0,4.0
507,507,5,1.0,10.0,10.0,10.0,10.0,15.0,15.0,15.0,4.0,4.0,4.0,4.0
508,508,5,1.0,10.0,10.0,10.0,10.0,15.0,15.0,15.0,4.0,4.0,4.0,4.0
509,509,5,4.0,10.0,10.0,10.0,10.0,15.0,15.0,15.0,4.0,4.0,4.0,4.0
510,510,8,2.0,15.0,15.0,15.0,15.0,15.0,4.0,4.0,4.0,4.0,4.0,4.0
511,511,11,2.0,10.0,10.0,10.0,10.0,10.0,10.0,4.0,4.0,4.0,4.0,4.0
512,512,11,4.0,10.0,10.0,10.0,10.0,10.0,10.0,4.0,4.0,4.0,4.0,4.0
513,513,7,1.0,4.0,4.0,4.0,4.0,15.0,15.0,15.0,15.0,4.0,4.0,4.0
514,514,5,4.0,10.0,10.0,10.0,10.0,15.0,15.0,15.0,4.0,4.0,4.0,4.0
515,515,11,4.0,10.0,10.0,10.0,10.0,10.0,10.0,4.0,4.0,4.0,4.0,4.0
516,516,11,1.0,10.0,10.0,10.0,10.0,10.0,10.0,4.0,4.0,4.0,4.0,4.0
517,517,11,4.0,10.0,10.0,10.0,10.0,10.0,10.0,4.0,4.0,4.0,4.0,4.0
518,518,11,2.0,4.0,4.0,4.0,4.0,4.0,4.0,4.0,4.0,4.0,4.0,4.0
519,519,8,2.0,4.0,15.0,15.0,15.0,15.0,4.0,4.0,4.0,4.0,4.0,4.0
520,520,8,2.0,4.0,15.0,15.0,15.0,15.0,4.0,4.0,4.0,4.0,4.0,4.0
521,521,11,4.0,4.0,4.0,4.0,4.0,4.0,4.0,4.0,4.0,4.0,4.0,4.0
522,522,11,4.0,10.0,10.0,10.0,10.0,10.0,10.0,4.0,4.0,4.0,4.0,4.0
523,523,1,4.0,4.0,15.0,15.0,15.0,15.0,15.0,15.0,15.0,15.0,15.0,4.0
524,524,1,4.0,4.0,15.0,15.0,15.0,15.0,15.0,15.0,15.0,15.0,15.0,4.0
525,525,1,4.0,4.0,15.0,15.0,15.0,15.0,15.0,15.0,15.0,15.0,15.0,4.0
526,526,2,15.0,15.0,15.0,15.0,4.0,4.0,4.0,4.0,4.0,4.0,4.0,4.0
527,527,1,4.0,4.0,15.0,15.0,15.0,15.0,15.0,15.0,15.0,15.0,15.0,4.0
528,528,2,1.0,15.0,15.0,15.0,4.0,4.0,4.0,4.0,4.0,4.0,4.0,4.0
529,529,2,1.0,15.0,15.0,15.0,4.0,4.0,4.0,4.0,4.0,4.0,4.0,4.0
530,530,2,15.0,15.0,15.0,15.0,4.0,4.0,4.0,4.0,4.0,4.0,4.0,4.0
531,531,2,1.0,15.0,15.0,15.0,4.0,4.0,4.0,4.0,4.0,4.0,4.0,4.0
532,532,11,2.0,10.0,10.0,10.0,10.0,10.0,10.0,4.0,4.0,4.0,4.0,4.0
533,533,11,4.0,4.0,4.0,4.0,4.0,4.0,4.0,4.0,4.0,4.0,4.0,4.0
534,534,11,2.0,4.0,4.0,4.0,4.0,4.0,4.0,4.0,4.0,4.0,4.0,4.0
535,535,7,4.0,4.0,4.0,4.0,4.0,15.0,15.0,15.0,15.0,4.0,4.0,4.0
536,536,11,4.0,4.0,4.0,4.0,4.0,4.0,4.0,4.0,4.0,4.0,4.0,4.0
537,537,1,4.0,4.0,15.0,15.0,15.0,15.0,15.0,15.0,15.0,4.0,4.0,4.0
538,538,1,4.0,4.0,15.0,15.0,15.0,15.0,15.0,15.0,15.0,4.0,4.0,4.0
539,539,1,4.0,4.0,15.0,15.0,15.0,15.0,15.0,15.0,15.0,4.0,4.0,4.0
540,540,1,1.0,4.0,15.0,15.0,15.0,15.0,15.0,15.0,15.0,4.0,4.0,4.0
541,541,11,4.0,4.0,4.0,4.0,4.0,4.0,4.0,4.0,4.0,4.0,4.0,4.0
542,542,11,4.0,4.0,4.0,4.0,4.0,4.0,4.0,4.0,4.0,4.0,4.0,4.0
543,543,11,2.0,4.0,4.0,4.0,4.0,4.0,4.0,4.0,4.0,4.0,4.0,4.0
544,544,11,4.0,4.0,4.0,4.0,4.0,4.0,4.0,4.0,4.0,4.0,4.0,4.0
545,545,11,2.0,4.0,4.0,4.0,4.0,4.0,4.0,4.0,4.0,4.0,4.0,4.0
546,546,8,4.0,4.0,15.0,15.0,15.0,15.0,4.0,4.0,4.0,4.0,4.0,4.0
547,547,1,1.0,4.0,15.0,15.0,15.0,15.0,15.0,15.0,15.0,15.0,15.0,4.0
548,548,11,2.0,10.0,10.0,10.0,10.0,10.0,10.0,4.0,4.0,4.0,4.0,4.0
549,549,11,4.0,10.0,10.0,10.0,10.0,10.0,10.0,4.0,4.0,4.0,4.0,4.0
550,550,1,1.0,4.0,4.0,15.0,15.0,15.0,15.0,15.0,15.0,4.0,4.0,4.0
551,551,8,4.0,4.0,4.0,15.0,15.0,15.0,4.0,4.0,4.0,4.0,4.0,4.0
552,552,8,4.0,4.0,4.0,15.0,15.0,15.0,4.0,4.0,4.0,4.0,4.0,4.0
553,553,1,4.0,4.0,4.0,15.0,15.0,15.0,15.0,15.0,15.0,4.0,4.0,4.0
554,554,11,4.0,4.0,4.0,4.0,4.0,4.0,4.0,4.0,4.0,4.0,4.0,4.0
555,555,11,4.0,4.0,4.0,4.0,4.0,4.0,4.0,4.0,4.0,4.0,4.0,4.0
556,556,1,4.0,4.0,15.0,15.0,15.0,4.0,15.0,15.0,15.0,4.0,4.0,4.0
557,557,8,2.0,4.0,4.0,15.0,15.0,15.0,4.0,4.0,4.0,4.0,4.0,4.0
558,558,1,4.0,4.0,15.0,15.0,15.0,4.0,15.0,15.0,15.0,4.0,4.0,4.0
559,559,8,4.0,4.0,4.0,15.0,15.0,15.0,4.0,4.0,4.0,4.0,4.0,4.0
560,560,8,4.0,4.0,4.0,15.0,15.0,15.0,4.0,4.0,4.0,4.0,4.0,4.0
561,561,2,1.0,15.0,15.0,15.0,4.0,4.0,4.0,4.0,4.0,4.0,4.0,4.0
562,562,1,1.0,4.0,15.0,15.0,15.0,15.0,15.0,15.0,4.0,4.0,4.0,4.0
563,563,11,4.0,4.0,4.0,4.0,4.0,4.0,4.0,4.0,4.0,4.0,4.0,4.0
564,564,11,4.0,1.0,4.0,4.0,4.0,4.0,4.0,4.0,4.0,4.0,4.0,4.0
565,565,8,4.0,15.0,15.0,15.0,15.0,15.0,4.0,4.0,4.0,4.0,4.0,4.0
566,566,1,4.0,4.0,15.0,15.0,15.0,15.0,15.0,15.0,4.0,4.0,4.0,4.0
567,567,8,4.0,15.0,15.0,15.0,15.0,15.0,4.0,4.0,4.0,4.0,4.0,4.0
568,568,1,2.0,4.0,15.0,15.0,15.0,15.0,15.0,15.0,4.0,4.0,4.0,4.0
569,569,11,4.0,4.0,4.0,4.0,4.0,4.0,4.0,4.0,4.0,4.0,4.0,4.0
570,570,11,4.0,4.0,4.0,4.0,4.0,4.0,4.0,4.0,4.0,4.0,4.0,4.0
571,571,8,2.0,4.0,15.0,15.0,15.0,15.0,4.0,4.0,4.0,4.0,4.0,4.0
572,572,11,1.0,1.0,4.0,4.0,4.0,4.0,4.0,4.0,4.0,4.0,4.0,4.0
573,573,8,2.0,4.0,15.0,15.0,15.0,15.0,4.0,4.0,4.0,4.0,4.0,4.0
574,574,8,2.0,4.0,15.0,15.0,15.0,15.0,4.0,4.0,4.0,4.0,4.0,4.0
575,575,2,15.0,15.0,15.0,4.0,4.0,4.0,4.0,4.0,4.0,4.0,4.0,4.0
576,576,8,4.0,4.0,15.0,15.0,15.0,15.0,4.0,4.0,4.0,4.0,4.0,4.0
577,577,11,4.0,4.0,4.0,4.0,4.0,4.0,4.0,4.0,4.0,4.0,4.0,4.0
578,578,8,4.0,4.0,15.0,15.0,15.0,15.0,15.0,4.0,4.0,4.0,4.0,4.0
579,579,8,2.0,4.0,15.0,15.0,15.0,15.0,15.0,4.0,4.0,4.0,4.0,4.0
580,580,8,4.0,4.0,15.0,15.0,15.0,15.0,4.0,4.0,4.0,4.0,4.0,4.0
581,581,8,4.0,4.0,15.0,15.0,15.0,15.0,4.0,4.0,4.0,4.0,4.0,4.0
582,582,8,2.0,4.0,15.0,15.0,15.0,15.0,15.0,4.0,4.0,4.0,4.0,4.0
583,583,2,15.0,15.0,15.0,4.0,4.0,4.0,4.0,4.0,1.0,4.0,4.0,4.0
584,584,2,15.0,15.0,15.0,15.0,4.0,4.0,4.0,4.0,4.0,4.0,4.0,4.0
585,585,8,1.0,4.0,15.0,15.0,15.0,15.0,4.0,4.0,4.0,4.0,4.0,4.0
586,586,8,1.0,15.0,15.0,15.0,15.0,15.0,4.0,4.0,4.0,4.0,4.0,4.0
587,587,8,1.0,15.0,15.0,15.0,15.0,15.0,4.0,4.0,4.0,4.0,4.0,4.0
588,588,8,4.0,15.0,15.0,15.0,15.0,15.0,4.0,4.0,4.0,4.0,4.0,4.0
589,589,9,15.0,15.0,15.0,15.0,15.0,15.0,4.0,4.0,4.0,4.0,4.0,4.0
590,590,9,15.0,15.0,15.0,15.0,15.0,15.0,4.0,4.0,4.0,4.0,4.0,4.0
591,591,8,4.0,1.0,15.0,15.0,15.0,15.0,4.0,4.0,4.0,4.0,4.0,4.0
592,592,11,4.0,4.0,4.0,4.0,4.0,4.0,4.0,4.0,4.0,4.0,4.0,4.0
593,593,8,4.0,1.0,15.0,15.0,15.0,15.0,4.0,4.0,4.0,4.0,4.0,4.0
594,594,8,4.0,15.0,15.0,15.0,15.0,15.0,4.0,4.0,4.0,4.0,4.0,4.0
595,595,8,4.0,15.0,15.0,15.0,15.0,15.0,4.0,4.0,4.0,4.0,4.0,4.0
596,596,11,4.0,4.0,4.0,4.0,4.0,4.0,4.0,4.0,4.0,4.0,4.0,4.0
597,597,11,4.0,4.0,4.0,4.0,4.0,4.0,4.0,4.0,4.0,4.0,4.0,4.0
598,598,2,4.0,1.0,15.0,15.0,15.0,4.0,4.0,4.0,4.0,4.0,4.0,4.0
599,599,11,4.0,4.0,10.0,10.0,10.0,10.0,10.0,4.0,4.0,4.0,4.0,4.0
600,600,8,4.0,4.0,15.0,15.0,15.0,15.0,4.0,4.0,4.0,4.0,4.0,4.0
601,601,11,4.0,4.0,4.0,4.0,4.0,4.0,4.0,4.0,4.0,4.0,4.0,4.0
602,602,11,4.0,4.0,4.0,4.0,4.0,4.0,4.0,4.0,4.0,4.0,4.0,4.0
603,603,11,4.0,4.0,4.0,4.0,4.0,4.0,4.0,4.0,1.0,4.0,4.0,4.0
604,604,8,1.0,4.0,15.0,15.0,15.0,15.0,4.0,4.0,4.0,4.0,4.0,4.0
605,605,8,1.0,4.0,15.0,15.0,15.0,15.0,4.0,4.0,4.0,4.0,4.0,4.0
606,606,9,15.0,15.0,15.0,15.0,15.0,15.0,15.0,4.0,4.0,2.0,4.0,4.0
607,607,8,4.0,15.0,15.0,15.0,15.0,15.0,4.0,4.0,4.0,4.0,4.0,4.0
608,608,8,4.0,15.0,15.0,15.0,15.0,15.0,4.0,4.0,4.0,4.0,4.0,4.0
609,609,8,4.0,15.0,15.0,15.0,15.0,15.0,4.0,4.0,4.0,4.0,4.0,4.0
610,610,8,2.0,15.0,15.0,15.0,15.0,15.0,4.0,4.0,4.0,4.0,4.0,4.0
611,611,11,4.0,4.0,4.0,4.0,4.0,4.0,4.0,4.0,4.0,4.0,4.0,4.0
612,612,8,4.0,15.0,15.0,15.0,15.0,15.0,4.0,4.0,4.0,4.0,4.0,4.0
613,613,8,4.0,15.0,15.0,15.0,15.0,15.0,4.0,4.0,4.0,4.0,4.0,4.0
614,614,8,4.0,15.0,15.0,15.0,15.0,15.0,15.0,4.0,4.0,4.0,4.0,4.0
615,615,7,4.0,4.0,4.0,4.0,4.0,15.0,15.0,15.0,15.0,4.0,4.0,4.0
616,616,8,4.0,4.0,15.0,15.0,15.0,15.0,4.0,4.0,4.0,4.0,4.0,4.0
617,617,11,2.0,4.0,4.0,4.0,4.0,4.0,4.0,4.0,4.0,4.0,4.0,4.0
618,618,8,4.0,4.0,1.0,15.0,15.0,15.0,4.0,4.0,4.0,4.0,4.0,4.0
619,619,11,2.0,4.0,4.0,4.0,4.0,4.0,4.0,4.0,4.0,4.0,4.0,4.0
620,620,11,4.0,4.0,4.0,4.0,4.0,4.0,4.0,4.0,4.0,4.0,4.0,4.0
621,621,11,4.0,4.0,4.0,4.0,4.0,4.0,4.0,4.0,4.0,4.0,4.0,4.0
622,622,11,4.0,4.0,4.0,4.0,4.0,4.0,4.0,4.0,4.0,4.0,4.0,4.0
623,623,8,4.0,1.0,15.0,15.0,15.0,15.0,15.0,4.0,4.0,4.0,4.0,4.0
624,624,11,4.0,4.0,4.0,4.0,4.0,4.0,4.0,4.0,4.0,4.0,4.0,4.0
625,625,11,4.0,4.0,4.0,4.0,4.0,4.0,4.0,4.0,4.0,4.0,4.0,4.0
626,626,11,4.0,4.0,4.0,4.0,4.0,4.0,4.0,4.0,4.0,4.0,4.0,4.0
627,627,8,4.0,4.0,15.0,15.0,15.0,15.0,4.0,4.0,4.0,4.0,4.0,4.0
628,628,8,2.0,15.0,15.0,15.0,15.0,15.0,4.0,4.0,4.0,4.0,4.0,4.0
629,629,8,2.0,15.0,15.0,15.0,15.0,15.0,15.0,4.0,4.0,2.0,4.0,4.0
630,630,8,2.0,15.0,15.0,15.0,15.0,15.0,15.0,4.0,4.0,2.0,4.0,4.0
631,631,8,4.0,15.0,15.0,15.0,15.0,15.0,4.0,4.0,4.0,4.0,4.0,4.0
632,632,11,4.0,10.0,10.0,10.0,10.0,4.0,4.0,4.0,4.0,4.0,4.0,4.0
633,633,8,2.0,15.0,15.0,15.0,15.0,15.0,15.0,4.0,4.0,4.0,4.0,4.0
634,634,8,4.0,15.0,15.0,15.0,15.0,15.0,4.0,4.0,4.0,4.0,4.0,4.0
635,635,8,2.0,15.0,15.0,15.0,15.0,15.0,15.0,4.0,4.0,4.0,4.0,4.0
636,636,8,4.0,15.0,15.0,15.0,15.0,15.0,4.0,4.0,4.0,4.0,4.0,4.0
637,637,11,4.0,4.0,4.0,4.0,4.0,4.0,4.0,4.0,4.0,4.0,4.0,4.0
638,638,8,2.0,15.0,15.0,15.0,15.0,15.0,15.0,4.0,4.0,4.0,4.0,4.0
639,639,8,1.0,4.0,15.0,15.0,15.0,15.0,4.0,4.0,4.0,4.0,4.0,4.0
640,640,8,1.0,4.0,15.0,15.0,15.0,15.0,4.0,4.0,4.0,4.0,4.0,4.0
641,641,8,4.0,4.0,15.0,15.0,15.0,15.0,4.0,4.0,4.0,4.0,4.0,4.0
642,642,8,4.0,4.0,15.0,15.0,15.0,15.0,4.0,4.0,4.0,4.0,4.0,4.0
643,643,8,4.0,4.0,15.0,15.0,15.0,15.0,4.0,4.0,4.0,4.0,4.0,4.0
644,644,11,4.0,10.0,10.0,10.0,10.0,4.0,4.0,4.0,4.0,4.0,4.0,4.0
645,645,8,4.0,15.0,15.0,15.0,15.0,15.0,4.0,4.0,4.0,4.0,4.0,4.0
646,646,8,4.0,15.0,15.0,15.0,15.0,15.0,4.0,4.0,4.0,4.0,4.0,4.0
647,647,8,4.0,15.0,15.0,15.0,15.0,15.0,4.0,4.0,4.0,4.0,4.0,4.0
648,648,11,4.0,4.0,4.0,4.0,4.0,4.0,4.0,4.0,4.0,4.0,4.0,4.0
649,649,1,4.0,4.0,15.0,15.0,15.0,15.0,15.0,15.0,4.0,4.0,4.0,4.0
650,650,11,4.0,4.0,4.0,4.0,4.0,4.0,4.0,4.0,4.0,4.0,4.0,4.0
651,651,4,4.0,4.0,4.0,4.0,4.0,4.0,4.0,15.0,15.0,15.0,15.0,4.0
652,652,11,4.0,4.0,4.0,4.0,4.0,4.0,4.0,4.0,4.0,4.0,4.0,4.0
653,653,8,2.0,15.0,15.0,15.0,15.0,15.0,4.0,4.0,4.0,4.0,4.0,4.0
654,654,11,4.0,10.0,10.0,10.0,10.0,4.0,4.0,4.0,4.0,4.0,4.0,4.0
655,655,4,4.0,4.0,4.0,4.0,4.0,4.0,4.0,15.0,15.0,15.0,15.0,4.0
656,656,8,2.0,15.0,15.0,15.0,15.0,15.0,4.0,4.0,4.0,4.0,4.0,4.0
657,657,11,4.0,4.0,4.0,4.0,4.0,4.0,4.0,4.0,4.0,4.0,4.0,4.0
658,658,11,4.0,4.0,4.0,4.0,4.0,4.0,4.0,4.0,4.0,4.0,4.0,4.0
659,659,11,4.0,4.0,4.0,4.0,4.0,4.0,4.0,4.0,4.0,4.0,4.0,4.0
660,660,8,1.0,4.0,15.0,15.0,15.0,15.0,4.0,4.0,4.0,4.0,4.0,4.0
661,661,11,4.0,4.0,4.0,4.0,4.0,4.0,4.0,4.0,4.0,4.0,4.0,4.0
662,662,11,4.0,4.0,4.0,4.0,4.0,4.0,4.0,4.0,4.0,4.0,4.0,4.0
663,663,8,1.0,15.0,15.0,15.0,10.0,10.0,10.0,10.0,4.0,4.0,4.0,4.0
664,664,8,2.0,15.0,15.0,15.0,15.0,15.0,4.0,4.0,4.0,4.0,4.0,4.0
665,665,8,1.0,15.0,15.0,15.0,15.0,15.0,4.0,4.0,4.0,4.0,4.0,4.0
666,666,8,1.0,15.0,15.0,15.0,10.0,10.0,10.0,10.0,4.0,4.0,4.0,4.0
667,667,8,1.0,4.0,15.0,15.0,15.0,15.0,4.0,4.0,4.0,4.0,4.0,4.0
668,668,8,1.0,4.0,15.0,15.0,15.0,15.0,4.0,4.0,4.0,4.0,4.0,4.0
669,669,11,4.0,4.0,4.0,4.0,4.0,4.0,4.0,4.0,4.0,4.0,4.0,4.0
670,670,11,4.0,4.0,4.0,4.0,4.0,4.0,4.0,4.0,4.0,4.0,4.0,4.0
671,671,1,4.0,4.0,15.0,15.0,15.0,4.0,15.0,15.0,15.0,15.0,15.0,4.0
672,672,11,4.0,4.0,4.0,4.0,4.0,4.0,4.0,4.0,4.0,4.0,4.0,4.0
673,673,8,2.0,15.0,15.0,15.0,15.0,15.0,4.0,4.0,4.0,4.0,4.0,4.0
674,674,11,1.0,4.0,4.0,4.0,4.0,4.0,4.0,4.0,4.0,4.0,4.0,4.0
675,675,8,2.0,15.0,15.0,15.0,15.0,15.0,4.0,4.0,4.0,4.0,4.0,4.0
676,676,9,15.0,15.0,15.0,15.0,15.0,15.0,15.0,4.0,4.0,4.0,4.0,4.0
677,677,0,15.0,15.0,15.0,15.0,15.0,4.0,15.0,15.0,15.0,15.0,15.0,4.0
678,678,9,15.0,15.0,15.0,15.0,15.0,15.0,15.0,4.0,4.0,4.0,4.0,4.0
679,679,9,15.0,15.0,15.0,4.0,15.0,15.0,15.0,4.0,4.0,4.0,4.0,4.0
680,680,7,1.0,4.0,4.0,4.0,15.0,15.0,15.0,4.0,4.0,4.0,4.0,4.0
681,681,7,1.0,4.0,4.0,4.0,15.0,15.0,15.0,4.0,4.0,4.0,4.0,4.0
682,682,7,4.0,4.0,4.0,4.0,15.0,15.0,15.0,4.0,4.0,4.0,4.0,4.0
683,683,8,4.0,4.0,4.0,15.0,15.0,15.0,15.0,4.0,4.0,4.0,4.0,4.0
684,684,8,4.0,4.0,4.0,15.0,15.0,15.0,4.0,4.0,4.0,4.0,4.0,4.0
685,685,8,4.0,4.0,4.0,15.0,15.0,15.0,4.0,4.0,4.0,4.0,4.0,4.0
686,686,1,4.0,10.0,10.0,10.0,10.0,10.0,10.0,10.0,10.0,10.0,4.0,4.0
687,687,8,1.0,4.0,15.0,15.0,15.0,15.0,4.0,4.0,4.0,4.0,4.0,4.0
688,688,1,2.0,10.0,10.0,10.0,10.0,10.0,10.0,10.0,10.0,10.0,4.0,4.0
689,689,8,1.0,4.0,15.0,15.0,15.0,15.0,4.0,4.0,4.0,4.0,4.0,4.0
690,690,0,15.0,15.0,15.0,4.0,4.0,4.0,4.0,4.0,15.0,15.0,15.0,4.0
691,691,8,1.0,4.0,15.0,15.0,15.0,15.0,4.0,4.0,4.0,4.0,4.0,4.0
692,692,1,2.0,10.0,10.0,10.0,10.0,10.0,10.0,10.0,10.0,10.0,4.0,4.0
693,693,3,1.0,4.0,15.0,15.0,15.0,4.0,4.0,15.0,15.0,15.0,15.0,4.0
694,694,11,2.0,4.0,4.0,4.0,4.0,4.0,4.0,4.0,4.0,4.0,4.0,4.0
695,695,1,4.0,10.0,10.0,10.0,10.0,10.0,10.0,10.0,10.0,10.0,4.0,4.0
696,696,1,2.0,10.0,10.0,10.0,10.0,10.0,10.0,10.0,10.0,10.0,4.0,4.0
697,697,11,4.0,4.0,4.0,4.0,4.0,4.0,4.0,4.0,4.0,4.0,4.0,4.0
698,698,3,2.0,4.0,15.0,15.0,15.0,15.0,4.0,4.0,15.0,15.0,15.0,4.0
699,699,11,4.0,4.0,4.0,4.0,4.0,4.0,4.0,4.0,4.0,4.0,4.0,4.0
700,700,2,1.0,15.0,15.0,15.0,4.0,4.0,4.0,4.0,4.0,4.0,4.0,4.0
701,701,2,1.0,15.0,15.0,15.0,1.0,4.0,4.0,4.0,4.0,4.0,4.0,4.0
702,702,11,4.0,4.0,4.0,4.0,4.0,4.0,4.0,4.0,4.0,4.0,4.0,4.0
703,703,11,4.0,4.0,4.0,2.0,4.0,4.0,4.0,4.0,4.0,4.0,4.0,4.0
704,704,3,2.0,4.0,15.0,15.0,15.0,15.0,4.0,4.0,15.0,15.0,15.0,4.0
705,705,2,15.0,15.0,15.0,15.0,1.0,4.0,4.0,4.0,4.0,4.0,4.0,4.0
706,706,3,2.0,4.0,15.0,15.0,15.0,15.0,4.0,4.0,15.0,15.0,15.0,4.0
707,707,11,4.0,4.0,4.0,4.0,4.0,4.0,4.0,4.0,4.0,4.0,4.0,4.0
708,708,11,4.0,4.0,4.0,4.0,4.0,4.0,1.0,4.0,4.0,4.0,4.0,4.0
709,709,3,2.0,4.0,15.0,15.0,15.0,15.0,4.0,4.0,15.0,15.0,15.0,4.0
710,710,11,4.0,4.0,4.0,4.0,4.0,4.0,4.0,4.0,4.0,4.0,4.0,4.0
711,711,1,2.0,4.0,15.0,15.0,15.0,4.0,15.0,15.0,15.0,15.0,15.0,4.0
712,712,11,2.0,4.0,4.0,4.0,4.0,4.0,4.0,4.0,4.0,4.0,4.0,4.0
713,713,1,2.0,4.0,15.0,15.0,15.0,4.0,15.0,15.0,15.0,15.0,15.0,4.0
714,714,1,4.0,10.0,10.0,10.0,10.0,10.0,10.0,10.0,10.0,10.0,4.0,4.0
715,715,1,2.0,10.0,10.0,10.0,10.0,10.0,10.0,10.0,10.0,10.0,4.0,4.0
716,716,1,4.0,4.0,15.0,15.0,15.0,4.0,15.0,15.0,15.0,15.0,15.0,4.0
717,717,1,2.0,4.0,15.0,15.0,15.0,15.0,15.0,15.0,4.0,4.0,4.0,4.0
718,718,1,2.0,4.0,15.0,15.0,15.0,15.0,15.0,15.0,15.0,15.0,15.0,4.0
719,719,2,15.0,15.0,15.0,4.0,4.0,4.0,1.0,4.0,4.0,4.0,4.0,4.0
720,720,2,15.0,15.0,15.0,4.0,4.0,4.0,1.0,4.0,4.0,4.0,4.0,4.0
721,721,1,2.0,4.0,15.0,15.0,15.0,15.0,15.0,15.0,15.0,15.0,15.0,4.0
722,722,1,2.0,4.0,15.0,15.0,15.0,15.0,15.0,15.0,15.0,15.0,15.0,4.0
723,723,8,1.0,4.0,15.0,15.0,15.0,15.0,4.0,4.0,4.0,4.0,4.0,4.0
724,724,11,4.0,4.0,4.0,2.0,4.0,4.0,4.0,4.0,4.0,4.0,4.0,4.0
725,725,8,1.0,4.0,15.0,15.0,15.0,15.0,4.0,4.0,4.0,4.0,4.0,4.0
726,726,8,1.0,4.0,15.0,15.0,15.0,15.0,4.0,4.0,4.0,4.0,4.0,4.0
727,727,11,4.0,4.0,4.0,4.0,4.0,4.0,4.0,4.0,4.0,4.0,4.0,4.0
728,728,3,4.0,4.0,15.0,15.0,15.0,15.0,4.0,4.0,15.0,15.0,15.0,4.0
729,729,3,2.0,4.0,15.0,15.0,15.0,15.0,4.0,4.0,15.0,15.0,15.0,4.0
730,730,3,2.0,4.0,15.0,15.0,15.0,15.0,4.0,4.0,15.0,15.0,15.0,4.0
731,731,3,2.0,4.0,15.0,15.0,15.0,15.0,4.0,4.0,15.0,15.0,15.0,4.0
732,732,11,4.0,4.0,4.0,4.0,4.0,4.0,4.0,4.0,4.0,4.0,4.0,4.0
733,733,1,4.0,4.0,15.0,15.0,15.0,4.0,15.0,15.0,15.0,15.0,15.0,4.0
734,734,1,4.0,4.0,15.0,15.0,15.0,15.0,15.0,15.0,15.0,15.0,15.0,4.0
735,735,1,4.0,4.0,15.0,15.0,15.0,4.0,15.0,15.0,15.0,15.0,15.0,4.0
736,736,1,4.0,4.0,15.0,15.0,15.0,15.0,15.0,15.0,15.0,15.0,15.0,4.0
737,737,1,1.0,4.0,15.0,15.0,15.0,15.0,15.0,15.0,15.0,15.0,15.0,4.0
738,738,1,4.0,4.0,15.0,15.0,15.0,15.0,15.0,15.0,15.0,15.0,15.0,4.0
739,739,3,2.0,4.0,15.0,15.0,15.0,15.0,4.0,4.0,15.0,15.0,15.0,4.0
740,740,4,4.0,4.0,4.0,4.0,4.0,4.0,15.0,15.0,15.0,15.0,15.0,4.0
741,741,3,2.0,4.0,15.0,15.0,15.0,15.0,4.0,4.0,15.0,15.0,15.0,4.0
742,742,3,2.0,4.0,15.0,15.0,15.0,15.0,4.0,4.0,15.0,15.0,15.0,4.0
743,743,8,2.0,4.0,15.0,15.0,15.0,15.0,4.0,4.0,4.0,4.0,1.0,4.0
744,744,1,4.0,4.0,15.0,15.0,15.0,15.0,15.0,15.0,15.0,15.0,15.0,4.0
745,745,2,15.0,15.0,15.0,4.0,4.0,4.0,4.0,4.0,4.0,4.0,4.0,4.0
746,746,11,2.0,4.0,4.0,4.0,4.0,4.0,4.0,4.0,4.0,4.0,4.0,4.0
747,747,1,4.0,4.0,15.0,15.0,15.0,15.0,15.0,15.0,15.0,15.0,15.0,4.0
748,748,1,4.0,4.0,15.0,15.0,15.0,15.0,15.0,15.0,15.0,1.0,4.0,4.0
749,749,11,2.0,4.0,4.0,4.0,4.0,4.0,4.0,4.0,4.0,4.0,4.0,4.0
750,750,3,2.0,4.0,15.0,15.0,15.0,15.0,4.0,4.0,15.0,15.0,15.0,4.0
751,751,11,2.0,4.0,4.0,4.0,4.0,4.0,4.0,4.0,4.0,4.0,4.0,4.0
752,752,11,2.0,4.0,4.0,4.0,4.0,4.0,4.0,4.0,4.0,4.0,4.0,4.0
753,753,11,4.0,4.0,4.0,4.0,4.0,4.0,4.0,4.0,4.0,4.0,4.0,4.0
754,754,1,4.0,4.0,15.0,15.0,15.0,15.0,15.0,15.0,15.0,15.0,15.0,4.0
755,755,7,2.0,4.0,4.0,4.0,15.0,15.0,15.0,15.0,4.0,4.0,4.0,4.0
756,756,11,2.0,4.0,4.0,4.0,4.0,4.0,4.0,4.0,4.0,4.0,4.0,4.0
757,757,11,2.0,4.0,4.0,4.0,4.0,4.0,4.0,4.0,4.0,4.0,4.0,4.0
758,758,4,4.0,4.0,4.0,4.0,4.0,4.0,4.0,4.0,15.0,15.0,15.0,4.0
759,759,1,2.0,10.0,10.0,10.0,10.0,10.0,10.0,10.0,10.0,4.0,4.0,4.0
760,760,1,4.0,4.0,15.0,15.0,15.0,4.0,15.0,15.0,15.0,15.0,15.0,4.0
761,761,8,4.0,4.0,15.0,15.0,15.0,15.0,4.0,4.0,4.0,4.0,4.0,4.0
762,762,7,2.0,4.0,4.0,4.0,15.0,15.0,15.0,15.0,4.0,4.0,4.0,4.0
763,763,11,2.0,4.0,4.0,4.0,4.0,4.0,4.0,4.0,4.0,4.0,4.0,4.0
764,764,1,2.0,10.0,10.0,10.0,10.0,10.0,10.0,10.0,10.0,4.0,4.0,4.0
765,765,11,2.0,4.0,4.0,4.0,4.0,4.0,4.0,4.0,4.0,1.0,4.0,4.0
766,766,11,2.0,4.0,4.0,4.0,4.0,4.0,4.0,4.0,4.0,4.0,4.0,4.0
767,767,1,4.0,4.0,15.0,15.0,15.0,4.0,15.0,15.0,15.0,15.0,15.0,4.0
768,768,2,4.0,4.0,15.0,15.0,15.0,4.0,4.0,4.0,4.0,4.0,4.0,4.0
769,769,1,4.0,4.0,15.0,15.0,15.0,15.0,15.0,15.0,15.0,15.0,15.0,4.0
770,770,11,4.0,4.0,4.0,4.0,4.0,4.0,4.0,4.0,4.0,4.0,4.0,4.0
771,771,1,1.0,10.0,10.0,10.0,10.0,10.0,15.0,15.0,15.0,4.0,4.0,4.0
772,772,3,4.0,4.0,15.0,15.0,15.0,4.0,4.0,15.0,15.0,15.0,15.0,4.0
773,773,0,15.0,15.0,15.0,4.0,4.0,4.0,4.0,4.0,15.0,15.0,15.0,4.0
774,774,5,10.0,10.0,10.0,10.0,10.0,10.0,15.0,15.0,15.0,4.0,4.0,4.0
775,775,5,10.0,10.0,10.0,10.0,10.0,10.0,15.0,15.0,15.0,4.0,4.0,4.0
776,776,2,4.0,4.0,15.0,15.0,15.0,4.0,4.0,4.0,1.0,4.0,4.0,4.0
777,777,1,4.0,4.0,15.0,15.0,15.0,4.0,15.0,15.0,15.0,15.0,15.0,4.0
778,778,1,4.0,4.0,15.0,15.0,15.0,4.0,15.0,15.0,15.0,15.0,15.0,4.0
779,779,11,2.0,4.0,4.0,4.0,4.0,4.0,1.0,4.0,4.0,4.0,4.0,4.0
780,780,1,4.0,4.0,15.0,15.0,15.0,4.0,15.0,15.0,15.0,15.0,15.0,4.0
781,781,11,4.0,10.0,10.0,10.0,10.0,10.0,4.0,1.0,4.0,4.0,4.0,4.0
782,782,1,2.0,10.0,10.0,10.0,10.0,10.0,10.0,10.0,10.0,1.0,4.0,4.0
783,783,1,2.0,10.0,10.0,10.0,10.0,10.0,10.0,10.0,10.0,4.0,4.0,4.0
784,784,1,2.0,10.0,10.0,10.0,10.0,10.0,10.0,10.0,10.0,1.0,4.0,4.0
785,785,11,4.0,10.0,10.0,10.0,10.0,10.0,4.0,4.0,4.0,4.0,4.0,4.0
786,786,1,4.0,10.0,10.0,10.0,10.0,10.0,15.0,15.0,15.0,4.0,4.0,4.0
787,787,11,4.0,4.0,4.0,4.0,4.0,4.0,4.0,4.0,4.0,4.0,4.0,4.0
788,788,4,4.0,4.0,4.0,4.0,4.0,4.0,4.0,4.0,15.0,15.0,15.0,4.0
789,789,1,4.0,4.0,15.0,15.0,15.0,4.0,15.0,15.0,15.0,4.0,4.0,4.0
790,790,11,2.0,4.0,4.0,4.0,4.0,4.0,4.0,4.0,4.0,4.0,4.0,4.0
791,791,11,2.0,4.0,4.0,4.0,4.0,4.0,1.0,4.0,4.0,4.0,4.0,4.0
792,792,2,2.0,4.0,15.0,15.0,15.0,4.0,4.0,4.0,4.0,4.0,4.0,4.0
793,793,1,4.0,4.0,4.0,4.0,15.0,15.0,15.0,15.0,15.0,4.0,4.0,4.0
794,794,1,4.0,4.0,4.0,4.0,15.0,15.0,15.0,15.0,15.0,4.0,4.0,4.0
795,795,1,4.0,4.0,15.0,15.0,15.0,4.0,15.0,15.0,15.0,4.0,4.0,4.0
796,796,2,4.0,4.0,15.0,15.0,15.0,4.0,4.0,4.0,4.0,4.0,4.0,4.0
797,797,5,15.0,15.0,15.0,4.0,15.0,15.0,15.0,15.0,15.0,4.0,4.0,4.0
798,798,1,1.0,4.0,4.0,4.0,15.0,15.0,15.0,15.0,15.0,4.0,4.0,4.0
799,799,5,15.0,15.0,15.0,4.0,15.0,15.0,15.0,15.0,15.0,4.0,4.0,4.0
800,800,1,1.0,4.0,4.0,4.0,15.0,15.0,15.0,15.0,15.0,4.0,4.0,4.0
801,801,1,4.0,15.0,15.0,15.0,15.0,4.0,15.0,15.0,15.0,4.0,4.0,4.0
802,802,1,10.0,10.0,10.0,10.0,10.0,10.0,10.0,10.0,10.0,10.0,4.0,4.0
803,803,11,2.0,4.0,4.0,4.0,1.0,4.0,4.0,4.0,4.0,4.0,4.0,4.0
804,804,8,2.0,4.0,4.0,15.0,15.0,15.0,4.0,4.0,4.0,4.0,4.0,4.0
805,805,8,2.0,4.0,4.0,15.0,15.0,15.0,4.0,4.0,4.0,4.0,4.0,4.0
806,806,8,2.0,4.0,4.0,15.0,15.0,15.0,4.0,4.0,4.0,4.0,4.0,4.0
807,807,4,4.0,4.0,4.0,4.0,4.0,4.0,4.0,4.0,15.0,15.0,15.0,4.0
808,808,1,2.0,10.0,10.0,10.0,10.0,10.0,10.0,10.0,10.0,10.0,4.0,4.0
809,809,4,4.0,4.0,4.0,4.0,4.0,4.0,4.0,4.0,15.0,15.0,15.0,4.0
810,810,8,4.0,15.0,15.0,15.0,15.0,15.0,4.0,4.0,4.0,4.0,4.0,4.0
811,811,8,4.0,15.0,15.0,15.0,15.0,15.0,4.0,4.0,4.0,4.0,4.0,4.0
812,812,11,2.0,4.0,4.0,4.0,4.0,4.0,4.0,4.0,4.0,4.0,4.0,4.0
813,813,1,4.0,10.0,10.0,10.0,10.0,10.0,10.0,10.0,10.0,10.0,4.0,4.0
814,814,4,4.0,4.0,4.0,4.0,4.0,4.0,4.0,4.0,15.0,15.0,15.0,4.0
815,815,4,4.0,4.0,4.0,4.0,4.0,4.0,4.0,4.0,15.0,15.0,15.0,4.0
816,816,4,4.0,4.0,4.0,4.0,4.0,4.0,4.0,4.0,15.0,15.0,15.0,4.0
817,817,4,4.0,4.0,4.0,4.0,4.0,4.0,4.0,4.0,15.0,15.0,15.0,4.0
818,818,4,4.0,4.0,4.0,4.0,4.0,4.0,4.0,4.0,15.0,15.0,15.0,4.0
819,819,7,1.0,4.0,4.0,4.0,4.0,15.0,15.0,15.0,15.0,4.0,4.0,4.0
820,820,7,1.0,4.0,4.0,4.0,4.0,15.0,15.0,15.0,15.0,4.0,4.0,4.0
821,821,1,10.0,10.0,10.0,10.0,10.0,10.0,10.0,10.0,10.0,10.0,4.0,4.0
822,822,1,4.0,10.0,10.0,10.0,10.0,10.0,10.0,10.0,10.0,10.0,4.0,4.0
823,823,7,4.0,4.0,4.0,4.0,4.0,15.0,15.0,15.0,15.0,4.0,4.0,4.0
824,824,1,4.0,10.0,10.0,10.0,10.0,10.0,10.0,10.0,10.0,10.0,4.0,4.0
825,825,2,10.0,10.0,10.0,10.0,4.0,4.0,4.0,4.0,4.0,4.0,4.0,4.0
826,826,2,10.0,10.0,10.0,10.0,4.0,4.0,4.0,4.0,4.0,1.0,4.0,4.0
827,827,4,4.0,4.0,4.0,4.0,4.0,4.0,4.0,4.0,15.0,15.0,15.0,4.0
828,828,7,1.0,4.0,4.0,4.0,15.0,15.0,15.0,4.0,4.0,4.0,4.0,4.0
829,829,11,2.0,4.0,4.0,4.0,4.0,4.0,4.0,4.0,4.0,4.0,4.0,4.0
830,830,7,4.0,4.0,4.0,4.0,4.0,15.0,15.0,15.0,15.0,4.0,4.0,4.0
831,831,11,4.0,4.0,4.0,4.0,4.0,4.0,4.0,4.0,4.0,4.0,4.0,4.0
832,832,11,4.0,4.0,4.0,4.0,4.0,4.0,1.0,4.0,4.0,4.0,4.0,4.0
833,833,9,15.0,15.0,15.0,4.0,15.0,15.0,15.0,4.0,4.0,4.0,4.0,4.0
834,834,11,4.0,4.0,4.0,4.0,4.0,4.0,1.0,4.0,4.0,4.0,4.0,4.0
835,835,11,1.0,4.0,4.0,4.0,4.0,4.0,1.0,4.0,4.0,4.0,4.0,4.0
836,836,11,2.0,4.0,4.0,4.0,4.0,4.0,4.0,4.0,4.0,4.0,4.0,4.0
837,837,11,1.0,4.0,4.0,4.0,4.0,4.0,1.0,4.0,4.0,4.0,4.0,4.0
838,838,11,1.0,4.0,4.0,4.0,4.0,4.0,1.0,4.0,4.0,4.0,4.0,4.0
839,839,7,1.0,4.0,4.0,4.0,4.0,15.0,15.0,15.0,15.0,4.0,4.0,4.0
840,840,11,1.0,4.0,4.0,4.0,4.0,4.0,4.0,4.0,4.0,4.0,4.0,4.0
841,841,11,1.0,4.0,4.0,4.0,4.0,4.0,4.0,4.0,4.0,4.0,4.0,4.0
842,842,11,1.0,4.0,4.0,4.0,4.0,4.0,4.0,4.0,4.0,4.0,4.0,4.0
843,843,7,1.0,4.0,4.0,4.0,4.0,15.0,15.0,15.0,15.0,4.0,4.0,4.0
844,844,7,1.0,4.0,4.0,4.0,4.0,15.0,15.0,15.0,1.0,4.0,4.0,4.0
845,845,11,2.0,10.0,10.0,10.0,10.0,10.0,4.0,4.0,1.0,4.0,4.0,4.0
846,846,8,4.0,4.0,4.0,15.0,15.0,15.0,4.0,4.0,4.0,4.0,4.0,4.0
847,847,8,2.0,4.0,4.0,15.0,15.0,15.0,4.0,4.0,4.0,4.0,4.0,4.0
848,848,8,4.0,15.0,15.0,15.0,10.0,10.0,10.0,10.0,4.0,4.0,4.0,4.0
849,849,11,1.0,4.0,4.0,4.0,4.0,4.0,4.0,4.0,4.0,4.0,4.0,4.0
850,850,6,1.0,4.0,4.0,4.0,15.0,15.0,15.0,4.0,15.0,15.0,15.0,4.0
851,851,6,1.0,4.0,4.0,4.0,15.0,15.0,15.0,4.0,15.0,15.0,15.0,4.0
852,852,0,15.0,15.0,15.0,4.0,15.0,15.0,15.0,4.0,15.0,15.0,15.0,4.0
853,853,8,4.0,4.0,4.0,15.0,15.0,15.0,4.0,4.0,4.0,4.0,4.0,4.0
854,854,6,1.0,4.0,4.0,4.0,15.0,15.0,15.0,4.0,15.0,15.0,15.0,4.0
855,855,0,15.0,15.0,15.0,4.0,15.0,15.0,15.0,4.0,15.0,15.0,15.0,4.0
856,856,7,4.0,4.0,4.0,4.0,4.0,15.0,15.0,15.0,15.0,4.0,4.0,4.0
857,857,2,1.0,15.0,15.0,15.0,4.0,4.0,4.0,4.0,4.0,4.0,4.0,4.0
858,858,2,4.0,15.0,15.0,15.0,4.0,4.0,4.0,4.0,4.0,4.0,4.0,4.0
859,859,7,4.0,4.0,4.0,4.0,4.0,15.0,15.0,15.0,15.0,4.0,4.0,4.0
860,860,2,2.0,15.0,15.0,15.0,4.0,4.0,4.0,4.0,4.0,4.0,4.0,4.0
861,861,2,2.0,15.0,15.0,15.0,4.0,4.0,4.0,4.0,4.0,4.0,4.0,4.0
862,862,2,4.0,15.0,15.0,15.0,4.0,4.0,4.0,4.0,4.0,4.0,4.0,4.0
863,863,2,2.0,15.0,15.0,15.0,4.0,4.0,4.0,4.0,4.0,4.0,4.0,4.0
864,864,2,4.0,15.0,15.0,15.0,4.0,4.0,4.0,4.0,4.0,4.0,4.0,4.0
865,865,2,2.0,15.0,15.0,15.0,4.0,4.0,4.0,4.0,4.0,4.0,4.0,4.0
866,866,7,4.0,4.0,4.0,4.0,4.0,15.0,15.0,15.0,15.0,4.0,4.0,4.0
867,867,7,4.0,4.0,4.0,4.0,4.0,15.0,15.0,15.0,15.0,4.0,4.0,4.0
868,868,7,4.0,4.0,4.0,4.0,4.0,15.0,15.0,15.0,15.0,4.0,4.0,4.0
869,869,7,4.0,4.0,4.0,4.0,4.0,15.0,15.0,15.0,15.0,4.0,4.0,4.0
870,870,4,4.0,4.0,4.0,4.0,4.0,4.0,15.0,15.0,15.0,15.0,15.0,4.0
871,871,4,4.0,4.0,4.0,4.0,4.0,4.0,15.0,15.0,15.0,15.0,15.0,4.0
872,872,8,4.0,4.0,4.0,15.0,15.0,15.0,4.0,4.0,4.0,4.0,4.0,4.0
873,873,4,4.0,4.0,4.0,4.0,4.0,4.0,15.0,15.0,15.0,15.0,15.0,4.0
874,874,5,10.0,10.0,10.0,10.0,15.0,15.0,15.0,15.0,4.0,4.0,4.0,4.0
875,875,6,4.0,4.0,4.0,4.0,15.0,15.0,15.0,15.0,15.0,15.0,15.0,4.0
876,876,6,2.0,4.0,4.0,4.0,15.0,15.0,15.0,15.0,15.0,15.0,15.0,4.0
877,877,6,2.0,4.0,4.0,4.0,15.0,15.0,15.0,15.0,15.0,15.0,15.0,4.0
878,878,5,10.0,10.0,10.0,10.0,15.0,15.0,15.0,15.0,4.0,4.0,4.0,4.0
879,879,11,2.0,4.0,4.0,4.0,4.0,4.0,1.0,4.0,4.0,4.0,4.0,4.0
880,880,6,2.0,4.0,4.0,4.0,15.0,15.0,15.0,15.0,15.0,15.0,15.0,4.0
881,881,6,4.0,4.0,4.0,4.0,15.0,15.0,15.0,1.0,15.0,15.0,15.0,4.0
882,882,7,4.0,4.0,4.0,4.0,4.0,15.0,15.0,15.0,15.0,4.0,4.0,4.0
883,883,3,1.0,15.0,15.0,15.0,4.0,4.0,4.0,4.0,15.0,15.0,15.0,4.0
884,884,7,4.0,4.0,4.0,4.0,4.0,15.0,15.0,15.0,15.0,4.0,4.0,4.0
885,885,7,4.0,4.0,4.0,4.0,4.0,15.0,15.0,15.0,15.0,4.0,4.0,4.0
886,886,0,15.0,15.0,15.0,4.0,15.0,15.0,15.0,15.0,15.0,15.0,15.0,4.0
887,887,6,1.0,4.0,4.0,4.0,15.0,15.0,15.0,15.0,15.0,15.0,15.0,4.0
888,888,0,15.0,15.0,15.0,4.0,15.0,15.0,15.0,15.0,15.0,15.0,15.0,4.0
889,889,7,2.0,4.0,4.0,4.0,4.0,15.0,15.0,15.0,15.0,4.0,4.0,4.0
890,890,7,2.0,4.0,4.0,4.0,4.0,15.0,15.0,15.0,15.0,4.0,4.0,4.0
891,891,7,2.0,4.0,4.0,4.0,4.0,15.0,15.0,15.0,15.0,4.0,4.0,4.0
892,892,7,4.0,4.0,4.0,4.0,4.0,15.0,15.0,15.0,15.0,4.0,4.0,4.0
893,893,8,4.0,15.0,15.0,15.0,15.0,15.0,4.0,4.0,1.0,4.0,4.0,4.0
894,894,3,2.0,15.0,15.0,15.0,15.0,15.0,4.0,4.0,15.0,15.0,15.0,4.0
895,895,1,10.0,10.0,10.0,10.0,4.0,4.0,10.0,10.0,10.0,10.0,4.0,4.0
896,896,4,4.0,4.0,4.0,4.0,4.0,4.0,10.0,10.0,10.0,10.0,4.0,4.0
897,897,4,1.0,4.0,4.0,4.0,4.0,4.0,10.0,10.0,10.0,10.0,4.0,4.0
898,898,4,1.0,4.0,4.0,4.0,4.0,4.0,10.0,10.0,10.0,10.0,4.0,4.0
899,899,7,4.0,4.0,4.0,4.0,4.0,15.0,15.0,15.0,15.0,4.0,4.0,4.0
900,900,11,4.0,4.0,4.0,4.0,4.0,4.0,1.0,4.0,4.0,4.0,4.0,4.0
901,901,1,10.0,10.0,10.0,10.0,4.0,4.0,10.0,10.0,10.0,10.0,4.0,4.0
902,902,7,1.0,4.0,4.0,4.0,4.0,15.0,15.0,15.0,15.0,4.0,4.0,4.0
903,903,2,15.0,15.0,15.0,15.0,4.0,4.0,4.0,4.0,4.0,4.0,4.0,4.0
904,904,1,10.0,10.0,10.0,10.0,4.0,4.0,10.0,10.0,10.0,10.0,4.0,4.0
905,905,5,4.0,15.0,15.0,15.0,4.0,15.0,15.0,15.0,1.0,4.0,4.0,4.0
906,906,11,4.0,4.0,4.0,4.0,4.0,4.0,4.0,4.0,4.0,4.0,4.0,4.0
907,907,10,2.0,15.0,15.0,15.0,4.0,15.0,15.0,15.0,15.0,15.0,15.0,4.0
908,908,5,4.0,15.0,15.0,15.0,4.0,15.0,15.0,15.0,1.0,4.0,4.0,4.0
909,909,10,2.0,15.0,15.0,15.0,4.0,15.0,15.0,15.0,15.0,15.0,15.0,4.0
910,910,11,4.0,4.0,4.0,4.0,4.0,4.0,1.0,4.0,4.0,4.0,4.0,4.0
911,911,7,4.0,4.0,4.0,4.0,4.0,15.0,15.0,15.0,15.0,4.0,4.0,4.0
912,912,11,1.0,4.0,4.0,4.0,4.0,4.0,4.0,4.0,1.0,4.0,4.0,4.0
913,913,10,4.0,15.0,15.0,15.0,4.0,15.0,15.0,15.0,15.0,15.0,15.0,4.0
914,914,11,4.0,4.0,4.0,4.0,4.0,4.0,4.0,4.0,4.0,4.0,4.0,4.0
915,915,6,4.0,4.0,4.0,4.0,15.0,15.0,15.0,15.0,15.0,15.0,15.0,4.0
916,916,11,4.0,4.0,4.0,4.0,4.0,4.0,4.0,4.0,4.0,4.0,4.0,4.0
917,917,10,4.0,15.0,15.0,15.0,4.0,15.0,15.0,15.0,15.0,15.0,15.0,4.0
918,918,3,4.0,15.0,15.0,15.0,15.0,15.0,4.0,4.0,15.0,15.0,15.0,4.0
919,919,10,1.0,15.0,15.0,15.0,4.0,15.0,15.0,15.0,15.0,15.0,15.0,4.0
920,920,10,1.0,15.0,15.0,15.0,4.0,15.0,15.0,15.0,15.0,15.0,15.0,4.0
921,921,6,2.0,4.0,4.0,4.0,4.0,15.0,15.0,15.0,15.0,15.0,15.0,4.0
922,922,6,4.0,4.0,4.0,4.0,15.0,15.0,15.0,15.0,15.0,15.0,15.0,4.0
923,923,7,1.0,4.0,4.0,4.0,4.0,15.0,15.0,15.0,1.0,4.0,4.0,4.0
924,924,10,15.0,15.0,15.0,15.0,4.0,15.0,15.0,15.0,15.0,15.0,15.0,4.0
925,925,7,1.0,4.0,4.0,4.0,4.0,15.0,15.0,15.0,15.0,4.0,4.0,4.0
926,926,3,2.0,15.0,15.0,15.0,15.0,15.0,4.0,4.0,15.0,15.0,15.0,4.0
927,927,0,15.0,15.0,15.0,15.0,4.0,4.0,4.0,15.0,15.0,15.0,15.0,4.0
928,928,8,2.0,4.0,15.0,15.0,15.0,15.0,4.0,4.0,1.0,4.0,4.0,4.0
929,929,10,15.0,15.0,15.0,15.0,4.0,15.0,15.0,15.0,15.0,15.0,15.0,4.0
930,930,10,15.0,15.0,15.0,15.0,4.0,15.0,15.0,15.0,15.0,15.0,15.0,4.0
931,931,7,1.0,4.0,4.0,4.0,4.0,15.0,15.0,15.0,15.0,4.0,4.0,4.0
932,932,10,15.0,15.0,15.0,15.0,4.0,15.0,15.0,15.0,15.0,15.0,15.0,4.0
933,933,11,4.0,4.0,4.0,4.0,4.0,4.0,4.0,4.0,4.0,4.0,4.0,4.0
934,934,4,4.0,4.0,4.0,4.0,4.0,4.0,10.0,10.0,10.0,10.0,4.0,4.0
935,935,4,1.0,4.0,4.0,4.0,4.0,4.0,10.0,10.0,10.0,10.0,1.0,4.0
936,936,4,1.0,4.0,4.0,4.0,4.0,4.0,10.0,10.0,10.0,10.0,4.0,4.0
937,937,6,4.0,4.0,4.0,4.0,15.0,15.0,15.0,15.0,15.0,15.0,15.0,4.0
938,938,1,4.0,4.0,4.0,4.0,15.0,15.0,15.0,15.0,15.0,4.0,4.0,4.0
939,939,2,1.0,4.0,15.0,15.0,15.0,1.0,4.0,1.0,4.0,1.0,4.0,4.0
940,940,3,2.0,4.0,15.0,15.0,15.0,1.0,4.0,15.0,15.0,15.0,15.0,4.0
941,941,10,15.0,15.0,15.0,15.0,4.0,15.0,15.0,15.0,15.0,15.0,15.0,4.0
942,942,2,15.0,15.0,15.0,15.0,4.0,4.0,4.0,4.0,4.0,4.0,4.0,4.0
943,943,6,4.0,4.0,4.0,4.0,15.0,15.0,15.0,4.0,15.0,15.0,15.0,4.0
944,944,6,4.0,4.0,4.0,4.0,15.0,15.0,15.0,4.0,15.0,15.0,15.0,4.0
945,945,11,4.0,4.0,4.0,4.0,4.0,4.0,1.0,4.0,4.0,4.0,4.0,4.0
946,946,4,4.0,4.0,4.0,4.0,4.0,4.0,10.0,10.0,10.0,10.0,4.0,4.0
947,947,11,4.0,4.0,4.0,4.0,4.0,4.0,4.0,4.0,4.0,4.0,4.0,4.0
948,948,2,1.0,15.0,15.0,15.0,4.0,4.0,4.0,4.0,4.0,4.0,4.0,4.0
949,949,4,1.0,4.0,4.0,4.0,4.0,4.0,10.0,10.0,10.0,10.0,4.0,4.0
950,950,6,4.0,4.0,4.0,4.0,4.0,15.0,15.0,15.0,15.0,15.0,15.0,4.0
951,951,6,4.0,4.0,4.0,4.0,4.0,15.0,15.0,15.0,15.0,15.0,15.0,4.0
952,952,5,10.0,10.0,10.0,10.0,15.0,15.0,15.0,15.0,15.0,4.0,4.0,4.0
953,953,10,15.0,15.0,15.0,15.0,4.0,15.0,15.0,15.0,15.0,15.0,15.0,4.0
954,954,10,15.0,15.0,15.0,15.0,4.0,15.0,15.0,15.0,15.0,15.0,15.0,4.0
955,955,3,2.0,4.0,15.0,15.0,15.0,1.0,4.0,15.0,15.0,15.0,15.0,4.0
956,956,3,4.0,4.0,15.0,15.0,15.0,1.0,4.0,15.0,15.0,15.0,15.0,4.0
957,957,7,4.0,4.0,4.0,4.0,15.0,15.0,15.0,4.0,4.0,4.0,4.0,4.0
958,958,11,4.0,10.0,10.0,10.0,10.0,4.0,4.0,4.0,4.0,4.0,4.0,4.0
959,959,11,4.0,10.0,10.0,10.0,10.0,4.0,4.0,4.0,4.0,4.0,4.0,4.0
960,960,3,4.0,4.0,15.0,15.0,15.0,1.0,4.0,15.0,15.0,15.0,15.0,4.0
961,961,2,4.0,4.0,15.0,15.0,15.0,1.0,4.0,4.0,4.0,1.0,4.0,4.0
962,962,11,4.0,10.0,10.0,10.0,10.0,4.0,4.0,4.0,4.0,4.0,4.0,4.0
963,963,3,2.0,4.0,15.0,15.0,15.0,1.0,4.0,15.0,15.0,15.0,15.0,4.0
964,964,11,2.0,10.0,10.0,10.0,10.0,4.0,4.0,4.0,4.0,4.0,4.0,4.0
965,965,11,2.0,10.0,10.0,10.0,10.0,4.0,4.0,4.0,4.0,4.0,4.0,4.0
966,966,7,4.0,4.0,4.0,4.0,4.0,15.0,15.0,15.0,1.0,4.0,4.0,4.0
967,967,11,1.0,4.0,4.0,4.0,4.0,4.0,4.0,4.0,4.0,4.0,4.0,4.0
968,968,11,4.0,10.0,10.0,10.0,10.0,4.0,4.0,4.0,4.0,4.0,4.0,4.0
969,969,11,2.0,10.0,10.0,10.0,10.0,4.0,4.0,4.0,4.0,4.0,4.0,4.0
970,970,6,2.0,4.0,4.0,4.0,4.0,15.0,15.0,15.0,15.0,15.0,15.0,4.0
971,971,6,4.0,4.0,4.0,4.0,4.0,15.0,15.0,15.0,15.0,15.0,15.0,4.0
972,972,11,2.0,10.0,10.0,10.0,10.0,4.0,4.0,4.0,4.0,4.0,4.0,4.0
973,973,6,4.0,4.0,4.0,4.0,4.0,15.0,15.0,15.0,15.0,15.0,15.0,4.0
974,974,6,4.0,4.0,4.0,4.0,4.0,15.0,15.0,15.0,15.0,15.0,15.0,4.0
975,975,11,2.0,10.0,10.0,10.0,10.0,4.0,4.0,4.0,4.0,4.0,4.0,4.0
976,976,11,2.0,10.0,10.0,10.0,10.0,4.0,4.0,4.0,4.0,4.0,4.0,4.0
977,977,3,4.0,15.0,15.0,15.0,4.0,4.0,4.0,1.0,15.0,15.0,15.0,4.0
978,978,11,4.0,10.0,10.0,10.0,10.0,4.0,4.0,4.0,4.0,4.0,4.0,4.0
979,979,2,15.0,15.0,15.0,15.0,4.0,4.0,4.0,4.0,4.0,4.0,4.0,4.0
980,980,1,2.0,4.0,4.0,4.0,15.0,15.0,15.0,15.0,15.0,4.0,4.0,4.0
981,981,11,2.0,4.0,4.0,4.0,4.0,4.0,1.0,4.0,4.0,4.0,4.0,4.0
982,982,11,4.0,10.0,10.0,10.0,10.0,4.0,4.0,4.0,4.0,4.0,4.0,4.0
983,983,0,15.0,15.0,15.0,15.0,4.0,4.0,4.0,10.0,10.0,10.0,10.0,10.0
984,984,2,1.0,15.0,15.0,15.0,4.0,4.0,4.0,4.0,4.0,4.0,4.0,4.0
985,985,11,2.0,4.0,4.0,4.0,4.0,4.0,4.0,4.0,4.0,4.0,4.0,4.0
986,986,4,4.0,4.0,4.0,4.0,4.0,4.0,10.0,10.0,10.0,10.0,4.0,4.0
987,987,11,2.0,4.0,4.0,4.0,4.0,4.0,4.0,4.0,4.0,4.0,4.0,4.0
988,988,4,1.0,4.0,4.0,4.0,4.0,4.0,10.0,10.0,10.0,10.0,4.0,4.0
989,989,7,2.0,4.0,4.0,4.0,4.0,15.0,15.0,15.0,15.0,4.0,4.0,4.0
990,990,7,2.0,4.0,4.0,4.0,4.0,15.0,15.0,15.0,15.0,4.0,4.0,4.0
991,991,7,2.0,4.0,4.0,4.0,4.0,15.0,15.0,15.0,15.0,4.0,4.0,4.0
992,992,4,4.0,4.0,4.0,4.0,4.0,4.0,10.0,10.0,10.0,10.0,4.0,4.0
993,993,11,2.0,4.0,4.0,4.0,4.0,4.0,4.0,4.0,4.0,4.0,4.0,4.0
994,994,1,4.0,4.0,4.0,4.0,15.0,15.0,15.0,15.0,15.0,4.0,4.0,4.0
995,995,1,4.0,4.0,4.0,4.0,15.0,15.0,15.0,15.0,15.0,4.0,4.0,4.0
996,996,1,1.0,4.0,4.0,4.0,15.0,15.0,15.0,15.0,15.0,4.0,4.0,4.0
997,997,10,2.0,15.0,15.0,15.0,4.0,15.0,15.0,15.0,15.0,15.0,15.0,4.0
998,998,2,1.0,15.0,15.0,15.0,4.0,4.0,4.0,4.0,4.0,4.0,4.0,4.0
999,999,6,2.0,4.0,4.0,4.0,4.0,15.0,15.0,15.0,15.0,15.0,15.0,4.0
1000,1000,10,4.0,15.0,15.0,15.0,4.0,15.0,15.0,15.0,15.0,15.0,15.0,4.0
1001,1001,3,4.0,15.0,15.0,15.0,4.0,4.0,4.0,15.0,15.0,15.0,15.0,4.0
1002,1002,11,4.0,4.0,4.0,4.0,4.0,4.0,1.0,4.0,4.0,4.0,4.0,4.0
1003,1003,6,4.0,4.0,4.0,4.0,4.0,15.0,15.0,15.0,15.0,15.0,15.0,4.0
1004,1004,6,4.0,4.0,4.0,4.0,4.0,15.0,15.0,15.0,15.0,15.0,15.0,4.0
1005,1005,11,1.0,4.0,4.0,4.0,4.0,4.0,4.0,4.0,4.0,4.0,4.0,4.0
1006,1006,11,1.0,4.0,4.0,4.0,4.0,4.0,4.0,4.0,4.0,4.0,4.0,4.0
1007,1007,11,1.0,4.0,4.0,4.0,4.0,4.0,4.0,4.0,4.0,4.0,4.0,4.0
1008,1008,4,4.0,4.0,4.0,4.0,4.0,4.0,4.0,4.0,15.0,15.0,15.0,4.0
1009,1009,4,4.0,4.0,4.0,4.0,4.0,4.0,4.0,4.0,15.0,15.0,15.0,4.0
1010,1010,2,1.0,15.0,15.0,15.0,4.0,4.0,4.0,4.0,4.0,4.0,4.0,4.0
1011,1011,9,15.0,15.0,15.0,15.0,15.0,15.0,15.0,4.0,4.0,4.0,4.0,4.0
1012,1012,9,15.0,15.0,15.0,15.0,15.0,15.0,15.0,4.0,4.0,4.0,4.0,4.0
1013,1013,2,1.0,15.0,15.0,15.0,15.0,4.0,1.0,4.0,4.0,4.0,4.0,4.0
1014,1014,2,4.0,15.0,15.0,15.0,4.0,4.0,4.0,4.0,4.0,4.0,4.0,4.0
1015,1015,11,4.0,4.0,4.0,4.0,4.0,4.0,4.0,4.0,4.0,4.0,4.0,4.0
1016,1016,2,4.0,15.0,15.0,15.0,4.0,4.0,4.0,4.0,4.0,4.0,4.0,4.0
1017,1017,1,4.0,4.0,4.0,4.0,15.0,15.0,15.0,15.0,15.0,4.0,4.0,4.0
1018,1018,11,4.0,4.0,4.0,4.0,4.0,4.0,4.0,4.0,4.0,4.0,4.0,4.0
1019,1019,2,10.0,10.0,10.0,10.0,10.0,10.0,4.0,4.0,4.0,4.0,4.0,4.0
1020,1020,11,2.0,4.0,4.0,4.0,4.0,4.0,4.0,4.0,4.0,4.0,4.0,4.0
1021,1021,1,4.0,4.0,4.0,4.0,15.0,15.0,15.0,15.0,15.0,4.0,4.0,4.0
1022,1022,2,10.0,10.0,10.0,10.0,10.0,10.0,4.0,4.0,4.0,4.0,4.0,4.0
1023,1023,2,10.0,10.0,10.0,10.0,10.0,10.0,4.0,4.0,4.0,4.0,4.0,4.0
1024,1024,2,1.0,15.0,15.0,15.0,4.0,4.0,4.0,4.0,4.0,4.0,4.0,4.0
1025,1025,11,4.0,4.0,4.0,4.0,4.0,4.0,4.0,4.0,4.0,4.0,4.0,4.0
1026,1026,11,4.0,4.0,4.0,4.0,4.0,4.0,4.0,4.0,4.0,4.0,4.0,4.0
1027,1027,11,4.0,4.0,4.0,4.0,4.0,4.0,4.0,4.0,4.0,4.0,4.0,4.0
1028,1028,11,4.0,4.0,4.0,4.0,4.0,4.0,4.0,4.0,4.0,4.0,4.0,4.0
1029,1029,10,1.0,15.0,15.0,15.0,2.0,15.0,15.0,15.0,15.0,15.0,15.0,4.0
1030,1030,2,15.0,15.0,15.0,15.0,4.0,4.0,4.0,4.0,4.0,4.0,4.0,4.0
1031,1031,2,10.0,10.0,10.0,10.0,4.0,4.0,1.0,4.0,4.0,4.0,4.0,4.0
1032,1032,2,10.0,10.0,10.0,10.0,4.0,4.0,4.0,4.0,4.0,4.0,4.0,4.0
1033,1033,1,4.0,4.0,4.0,4.0,15.0,15.0,15.0,15.0,15.0,4.0,4.0,4.0
1034,1034,5,15.0,15.0,15.0,15.0,2.0,15.0,15.0,15.0,15.0,4.0,4.0,4.0
1035,1035,11,4.0,10.0,10.0,10.0,10.0,10.0,4.0,4.0,4.0,4.0,4.0,4.0
1036,1036,11,4.0,10.0,10.0,10.0,10.0,10.0,4.0,1.0,4.0,4.0,4.0,4.0
1037,1037,11,4.0,10.0,10.0,10.0,10.0,10.0,4.0,4.0,4.0,4.0,4.0,4.0
1038,1038,10,15.0,15.0,15.0,15.0,2.0,15.0,15.0,15.0,15.0,15.0,15.0,4.0
1039,1039,2,2.0,15.0,15.0,15.0,4.0,4.0,4.0,4.0,4.0,4.0,4.0,4.0
1040,1040,2,2.0,15.0,15.0,15.0,4.0,4.0,4.0,4.0,4.0,4.0,4.0,4.0
1041,1041,2,2.0,15.0,15.0,15.0,4.0,4.0,4.0,4.0,4.0,4.0,4.0,4.0
1042,1042,2,4.0,15.0,15.0,15.0,4.0,4.0,4.0,4.0,4.0,4.0,4.0,4.0
1043,1043,11,1.0,10.0,10.0,10.0,10.0,4.0,4.0,4.0,4.0,4.0,4.0,4.0
1044,1044,2,10.0,10.0,10.0,10.0,10.0,4.0,4.0,4.0,4.0,4.0,4.0,4.0
1045,1045,2,10.0,10.0,10.0,10.0,10.0,4.0,4.0,4.0,4.0,4.0,4.0,4.0
1046,1046,2,10.0,10.0,10.0,10.0,10.0,4.0,4.0,4.0,4.0,4.0,4.0,4.0
1047,1047,2,10.0,10.0,10.0,10.0,10.0,4.0,4.0,4.0,4.0,4.0,4.0,4.0
1048,1048,2,10.0,10.0,10.0,10.0,10.0,4.0,4.0,4.0,4.0,4.0,4.0,4.0
1049,1049,5,15.0,15.0,15.0,15.0,4.0,15.0,15.0,15.0,15.0,4.0,4.0,4.0
1050,1050,2,10.0,10.0,10.0,10.0,10.0,4.0,4.0,4.0,4.0,4.0,4.0,4.0
1051,1051,5,15.0,15.0,15.0,15.0,2.0,15.0,15.0,15.0,15.0,4.0,4.0,4.0
1052,1052,2,10.0,10.0,10.0,10.0,10.0,4.0,4.0,4.0,4.0,4.0,4.0,4.0
1053,1053,5,1.0,15.0,15.0,15.0,2.0,15.0,15.0,15.0,15.0,4.0,4.0,4.0
1054,1054,4,4.0,4.0,4.0,4.0,4.0,4.0,4.0,4.0,15.0,15.0,15.0,4.0
1055,1055,11,1.0,4.0,4.0,4.0,4.0,4.0,4.0,4.0,4.0,4.0,4.0,4.0
1056,1056,4,4.0,4.0,4.0,4.0,4.0,4.0,4.0,4.0,15.0,15.0,15.0,4.0
1057,1057,4,2.0,4.0,4.0,4.0,4.0,4.0,4.0,4.0,15.0,15.0,15.0,4.0
1058,1058,10,2.0,15.0,15.0,15.0,4.0,15.0,15.0,15.0,15.0,15.0,15.0,4.0
1059,1059,10,4.0,15.0,15.0,15.0,4.0,15.0,15.0,15.0,15.0,15.0,15.0,4.0
1060,1060,5,15.0,15.0,15.0,15.0,2.0,15.0,15.0,15.0,15.0,4.0,4.0,4.0
1061,1061,5,15.0,15.0,15.0,15.0,2.0,15.0,15.0,15.0,15.0,4.0,4.0,4.0
1062,1062,8,4.0,15.0,15.0,15.0,15.0,15.0,4.0,4.0,4.0,4.0,4.0,4.0
1063,1063,4,2.0,4.0,4.0,4.0,4.0,4.0,4.0,2.0,15.0,15.0,15.0,4.0
1064,1064,11,2.0,4.0,4.0,4.0,4.0,4.0,4.0,4.0,4.0,4.0,4.0,4.0
1065,1065,3,1.0,15.0,15.0,15.0,15.0,15.0,4.0,4.0,15.0,15.0,15.0,4.0
1066,1066,9,15.0,15.0,15.0,15.0,15.0,15.0,4.0,4.0,4.0,4.0,4.0,4.0
1067,1067,11,2.0,4.0,4.0,4.0,4.0,4.0,4.0,4.0,4.0,4.0,4.0,4.0
1068,1068,4,2.0,4.0,4.0,4.0,4.0,4.0,4.0,2.0,15.0,15.0,15.0,4.0
1069,1069,4,4.0,4.0,4.0,4.0,4.0,4.0,4.0,4.0,15.0,15.0,15.0,4.0
1070,1070,4,2.0,4.0,4.0,4.0,4.0,4.0,4.0,4.0,15.0,15.0,15.0,4.0
1071,1071,9,15.0,15.0,15.0,15.0,15.0,15.0,4.0,4.0,4.0,4.0,4.0,4.0
1072,1072,4,4.0,4.0,4.0,4.0,4.0,4.0,4.0,4.0,15.0,15.0,15.0,4.0
1073,1073,6,4.0,4.0,4.0,4.0,4.0,15.0,15.0,15.0,15.0,15.0,15.0,4.0
1074,1074,6,4.0,4.0,4.0,4.0,4.0,15.0,15.0,15.0,15.0,15.0,15.0,4.0
1075,1075,6,2.0,4.0,4.0,4.0,4.0,15.0,15.0,15.0,15.0,15.0,15.0,4.0
1076,1076,2,4.0,15.0,15.0,15.0,4.0,4.0,4.0,4.0,4.0,4.0,4.0,4.0
1077,1077,2,4.0,15.0,15.0,15.0,4.0,4.0,4.0,4.0,4.0,4.0,4.0,4.0
1078,1078,4,4.0,4.0,4.0,4.0,4.0,4.0,4.0,4.0,15.0,15.0,15.0,4.0
1079,1079,6,4.0,4.0,4.0,4.0,4.0,15.0,15.0,15.0,15.0,15.0,15.0,4.0
1080,1080,11,2.0,4.0,4.0,4.0,4.0,4.0,4.0,4.0,4.0,4.0,4.0,4.0
1081,1081,11,1.0,4.0,4.0,4.0,4.0,4.0,4.0,4.0,4.0,4.0,4.0,4.0
1082,1082,11,1.0,10.0,10.0,10.0,10.0,4.0,4.0,4.0,4.0,4.0,4.0,4.0
1083,1083,11,1.0,10.0,10.0,10.0,10.0,4.0,4.0,4.0,4.0,4.0,4.0,4.0
1084,1084,2,4.0,15.0,15.0,15.0,4.0,4.0,4.0,4.0,4.0,4.0,4.0,4.0
1085,1085,2,4.0,15.0,15.0,15.0,4.0,4.0,4.0,4.0,4.0,4.0,4.0,4.0
1086,1086,2,4.0,15.0,15.0,15.0,4.0,4.0,4.0,4.0,4.0,4.0,4.0,4.0
1087,1087,4,4.0,4.0,4.0,4.0,4.0,4.0,4.0,4.0,4.0,15.0,15.0,15.0
1088,1088,6,4.0,4.0,4.0,4.0,15.0,15.0,15.0,4.0,4.0,15.0,15.0,15.0
1089,1089,4,4.0,4.0,4.0,4.0,4.0,4.0,1.0,4.0,4.0,15.0,15.0,15.0
1090,1090,11,4.0,4.0,4.0,4.0,4.0,4.0,4.0,4.0,4.0,4.0,4.0,4.0
1091,1091,4,4.0,4.0,4.0,4.0,4.0,4.0,4.0,4.0,4.0,15.0,15.0,15.0
1092,1092,11,4.0,4.0,4.0,4.0,4.0,4.0,4.0,4.0,4.0,4.0,4.0,4.0
1093,1093,2,4.0,15.0,15.0,15.0,4.0,4.0,4.0,4.0,4.0,4.0,4.0,4.0
1094,1094,2,4.0,15.0,15.0,15.0,4.0,4.0,4.0,4.0,4.0,4.0,4.0,4.0
1095,1095,4,4.0,4.0,4.0,4.0,4.0,4.0,4.0,4.0,15.0,15.0,15.0,15.0
1096,1096,11,4.0,4.0,4.0,4.0,4.0,4.0,1.0,4.0,4.0,4.0,4.0,1.0
1097,1097,2,4.0,4.0,15.0,15.0,15.0,4.0,4.0,4.0,4.0,4.0,4.0,4.0
1098,1098,2,4.0,15.0,15.0,15.0,4.0,4.0,4.0,4.0,4.0,4.0,4.0,4.0
1099,1099,2,4.0,15.0,15.0,15.0,4.0,4.0,4.0,4.0,4.0,4.0,4.0,4.0
1100,1100,2,1.0,15.0,15.0,15.0,15.0,4.0,4.0,4.0,4.0,4.0,4.0,4.0
1101,1101,6,4.0,4.0,4.0,4.0,4.0,15.0,15.0,15.0,15.0,15.0,15.0,4.0
1102,1102,2,4.0,15.0,15.0,15.0,15.0,4.0,4.0,4.0,4.0,4.0,4.0,4.0
1103,1103,2,4.0,15.0,15.0,15.0,15.0,4.0,4.0,4.0,4.0,4.0,4.0,4.0
1104,1104,2,4.0,15.0,15.0,15.0,15.0,4.0,2.0,4.0,4.0,4.0,4.0,4.0
1105,1105,2,4.0,15.0,15.0,15.0,15.0,4.0,4.0,4.0,4.0,4.0,4.0,4.0
1106,1106,4,2.0,4.0,4.0,4.0,4.0,4.0,4.0,15.0,15.0,15.0,15.0,4.0
1107,1107,4,2.0,4.0,4.0,4.0,4.0,4.0,4.0,15.0,15.0,15.0,15.0,4.0
1108,1108,11,2.0,4.0,4.0,4.0,4.0,4.0,4.0,4.0,4.0,4.0,4.0,4.0
1109,1109,2,4.0,15.0,15.0,15.0,4.0,4.0,4.0,4.0,4.0,4.0,4.0,4.0
1110,1110,2,4.0,15.0,15.0,15.0,4.0,4.0,4.0,4.0,4.0,4.0,4.0,4.0
1111,1111,6,4.0,4.0,4.0,4.0,4.0,15.0,15.0,15.0,15.0,15.0,15.0,4.0
1112,1112,6,1.0,4.0,4.0,4.0,4.0,15.0,15.0,15.0,15.0,15.0,15.0,4.0
1113,1113,2,4.0,15.0,15.0,15.0,15.0,4.0,2.0,4.0,4.0,4.0,4.0,4.0
1114,1114,6,4.0,4.0,4.0,4.0,4.0,15.0,15.0,15.0,15.0,15.0,15.0,4.0
1115,1115,7,4.0,4.0,4.0,4.0,15.0,15.0,15.0,4.0,4.0,4.0,4.0,4.0
1116,1116,6,4.0,4.0,4.0,4.0,4.0,15.0,15.0,15.0,15.0,15.0,15.0,4.0
1117,1117,2,4.0,15.0,15.0,15.0,4.0,4.0,4.0,4.0,4.0,4.0,4.0,4.0
1118,1118,2,4.0,15.0,15.0,15.0,4.0,4.0,4.0,4.0,4.0,4.0,4.0,4.0
1119,1119,7,4.0,4.0,4.0,4.0,15.0,15.0,15.0,4.0,4.0,4.0,4.0,4.0
1120,1120,2,4.0,15.0,15.0,15.0,4.0,4.0,4.0,4.0,4.0,4.0,4.0,4.0
1121,1121,2,15.0,15.0,15.0,15.0,4.0,4.0,4.0,4.0,4.0,4.0,4.0,4.0
1122,1122,2,1.0,15.0,15.0,15.0,4.0,4.0,4.0,4.0,4.0,4.0,4.0,4.0
1123,1123,3,4.0,15.0,15.0,15.0,15.0,4.0,2.0,4.0,4.0,15.0,15.0,15.0
1124,1124,2,15.0,15.0,15.0,15.0,4.0,4.0,4.0,4.0,4.0,4.0,4.0,4.0
1125,1125,2,15.0,15.0,15.0,15.0,4.0,4.0,4.0,4.0,4.0,4.0,4.0,4.0
1126,1126,7,4.0,4.0,4.0,4.0,15.0,15.0,15.0,4.0,4.0,4.0,4.0,4.0
1127,1127,4,2.0,4.0,4.0,4.0,2.0,4.0,4.0,15.0,15.0,15.0,15.0,4.0
1128,1128,4,2.0,4.0,4.0,4.0,2.0,4.0,4.0,15.0,15.0,15.0,15.0,4.0
1129,1129,7,2.0,4.0,4.0,4.0,15.0,15.0,15.0,4.0,4.0,4.0,4.0,4.0
1130,1130,7,2.0,4.0,4.0,4.0,15.0,15.0,15.0,4.0,4.0,4.0,4.0,4.0
1131,1131,6,4.0,4.0,4.0,4.0,4.0,15.0,15.0,15.0,15.0,15.0,15.0,4.0
1132,1132,7,2.0,4.0,4.0,4.0,4.0,15.0,15.0,15.0,15.0,4.0,4.0,4.0
1133,1133,11,2.0,10.0,10.0,10.0,10.0,4.0,4.0,4.0,4.0,4.0,1.0,4.0
1134,1134,4,4.0,4.0,4.0,4.0,4.0,4.0,4.0,15.0,15.0,15.0,15.0,4.0
1135,1135,5,2.0,10.0,10.0,10.0,10.0,15.0,15.0,15.0,4.0,4.0,4.0,4.0
1136,1136,11,2.0,4.0,4.0,4.0,4.0,4.0,4.0,4.0,1.0,4.0,4.0,4.0
1137,1137,4,4.0,4.0,4.0,4.0,4.0,4.0,4.0,15.0,15.0,15.0,15.0,4.0
1138,1138,5,2.0,10.0,10.0,10.0,10.0,15.0,15.0,15.0,4.0,4.0,4.0,4.0
1139,1139,6,4.0,4.0,4.0,4.0,4.0,15.0,15.0,15.0,15.0,15.0,15.0,4.0
1140,1140,3,1.0,15.0,15.0,15.0,15.0,1.0,4.0,15.0,15.0,15.0,15.0,4.0
1141,1141,11,4.0,4.0,4.0,4.0,4.0,4.0,4.0,4.0,4.0,4.0,4.0,4.0
1142,1142,11,2.0,4.0,4.0,4.0,4.0,4.0,4.0,4.0,4.0,4.0,4.0,4.0
1143,1143,3,4.0,15.0,15.0,15.0,15.0,1.0,4.0,1.0,15.0,15.0,15.0,4.0
1144,1144,7,4.0,4.0,4.0,4.0,4.0,15.0,15.0,15.0,15.0,4.0,4.0,4.0
1145,1145,3,4.0,15.0,15.0,15.0,15.0,1.0,4.0,15.0,15.0,15.0,15.0,4.0
1146,1146,4,2.0,4.0,4.0,4.0,4.0,4.0,4.0,4.0,15.0,15.0,15.0,4.0
1147,1147,11,2.0,4.0,4.0,4.0,4.0,4.0,4.0,4.0,4.0,4.0,4.0,4.0
1148,1148,7,2.0,4.0,4.0,4.0,4.0,15.0,15.0,15.0,15.0,4.0,4.0,4.0
1149,1149,11,4.0,4.0,4.0,4.0,4.0,4.0,4.0,4.0,4.0,4.0,4.0,4.0
1150,1150,11,2.0,10.0,10.0,10.0,10.0,4.0,4.0,4.0,4.0,4.0,4.0,4.0
1151,1151,11,4.0,4.0,4.0,4.0,4.0,4.0,4.0,4.0,4.0,4.0,4.0,4.0
1152,1152,11,2.0,4.0,4.0,4.0,4.0,4.0,4.0,4.0,4.0,4.0,4.0,4.0
1153,1153,11,4.0,4.0,4.0,4.0,4.0,4.0,4.0,4.0,4.0,4.0,4.0,4.0
1154,1154,11,2.0,4.0,4.0,4.0,4.0,4.0,4.0,4.0,4.0,4.0,4.0,4.0
1155,1155,11,2.0,4.0,4.0,4.0,4.0,4.0,4.0,1.0,4.0,4.0,4.0,4.0
1156,1156,7,2.0,4.0,4.0,4.0,4.0,15.0,15.0,15.0,15.0,4.0,4.0,4.0
1157,1157,7,2.0,4.0,4.0,4.0,4.0,15.0,15.0,15.0,15.0,4.0,4.0,4.0
1158,1158,11,4.0,4.0,4.0,4.0,4.0,4.0,4.0,1.0,4.0,4.0,4.0,4.0
1159,1159,6,2.0,4.0,4.0,4.0,15.0,15.0,15.0,4.0,15.0,15.0,15.0,4.0
1160,1160,7,4.0,4.0,4.0,4.0,4.0,15.0,15.0,15.0,15.0,4.0,4.0,4.0
1161,1161,7,4.0,4.0,4.0,4.0,4.0,15.0,15.0,15.0,15.0,4.0,4.0,4.0
1162,1162,6,2.0,4.0,4.0,4.0,15.0,15.0,15.0,4.0,15.0,15.0,15.0,4.0
1163,1163,6,2.0,4.0,4.0,4.0,15.0,15.0,15.0,4.0,15.0,15.0,15.0,4.0
1164,1164,4,4.0,4.0,4.0,4.0,4.0,4.0,4.0,15.0,15.0,15.0,15.0,4.0
1165,1165,2,4.0,15.0,15.0,15.0,4.0,4.0,4.0,4.0,4.0,4.0,4.0,4.0
1166,1166,6,2.0,4.0,4.0,4.0,15.0,15.0,15.0,4.0,15.0,15.0,15.0,4.0
1167,1167,0,15.0,15.0,15.0,15.0,15.0,1.0,4.0,15.0,15.0,15.0,15.0,4.0
1168,1168,0,15.0,15.0,15.0,15.0,15.0,1.0,4.0,15.0,15.0,15.0,15.0,4.0
1169,1169,6,2.0,4.0,4.0,4.0,15.0,15.0,15.0,4.0,15.0,15.0,15.0,4.0
1170,1170,0,15.0,15.0,15.0,15.0,15.0,1.0,4.0,15.0,15.0,15.0,15.0,4.0
1171,1171,4,2.0,4.0,4.0,4.0,4.0,4.0,4.0,15.0,15.0,15.0,15.0,4.0
1172,1172,3,1.0,15.0,15.0,15.0,15.0,1.0,4.0,15.0,15.0,15.0,15.0,4.0
1173,1173,6,2.0,4.0,4.0,4.0,15.0,15.0,15.0,4.0,15.0,15.0,15.0,4.0
1174,1174,2,4.0,15.0,15.0,15.0,4.0,4.0,4.0,4.0,4.0,4.0,4.0,4.0
1175,1175,2,4.0,15.0,15.0,15.0,4.0,4.0,4.0,4.0,4.0,4.0,4.0,4.0
1176,1176,2,1.0,15.0,15.0,15.0,15.0,4.0,4.0,4.0,4.0,4.0,4.0,4.0
1177,1177,7,2.0,4.0,4.0,4.0,4.0,15.0,15.0,15.0,4.0,4.0,4.0,4.0
1178,1178,6,2.0,4.0,4.0,4.0,4.0,15.0,15.0,15.0,15.0,15.0,15.0,4.0
1179,1179,11,4.0,4.0,10.0,10.0,10.0,10.0,4.0,4.0,4.0,4.0,4.0,4.0
1180,1180,2,4.0,15.0,15.0,15.0,4.0,4.0,4.0,4.0,4.0,4.0,4.0,4.0
1181,1181,2,4.0,15.0,15.0,15.0,4.0,4.0,4.0,4.0,4.0,4.0,4.0,4.0
1182,1182,3,1.0,15.0,15.0,15.0,15.0,1.0,4.0,15.0,15.0,15.0,15.0,4.0
1183,1183,2,1.0,15.0,15.0,15.0,4.0,4.0,4.0,4.0,4.0,4.0,4.0,4.0
1184,1184,4,4.0,4.0,4.0,4.0,4.0,4.0,4.0,2.0,15.0,15.0,15.0,4.0
1185,1185,2,15.0,15.0,15.0,15.0,4.0,4.0,4.0,4.0,4.0,4.0,4.0,4.0
1186,1186,4,2.0,4.0,4.0,4.0,4.0,4.0,4.0,2.0,15.0,15.0,15.0,4.0
1187,1187,4,2.0,4.0,4.0,4.0,4.0,4.0,4.0,4.0,15.0,15.0,15.0,4.0
1188,1188,6,2.0,4.0,4.0,4.0,15.0,15.0,15.0,4.0,15.0,15.0,15.0,4.0
1189,1189,6,4.0,4.0,4.0,4.0,15.0,15.0,15.0,4.0,15.0,15.0,15.0,4.0
1190,1190,6,4.0,4.0,4.0,4.0,15.0,15.0,15.0,4.0,15.0,15.0,15.0,4.0
1191,1191,4,2.0,4.0,4.0,4.0,4.0,4.0,4.0,2.0,15.0,15.0,15.0,4.0
1192,1192,4,1.0,4.0,4.0,4.0,4.0,4.0,4.0,15.0,15.0,15.0,15.0,4.0
1193,1193,4,1.0,4.0,4.0,4.0,4.0,4.0,4.0,15.0,15.0,15.0,15.0,4.0
1194,1194,2,1.0,15.0,15.0,15.0,4.0,4.0,4.0,4.0,4.0,4.0,4.0,4.0
1195,1195,2,1.0,15.0,15.0,15.0,4.0,4.0,4.0,4.0,4.0,4.0,4.0,4.0
1196,1196,3,10.0,10.0,10.0,10.0,4.0,4.0,4.0,15.0,15.0,15.0,15.0,4.0
1197,1197,2,15.0,15.0,15.0,15.0,4.0,4.0,4.0,4.0,4.0,4.0,4.0,4.0
1198,1198,3,10.0,10.0,10.0,10.0,4.0,4.0,4.0,15.0,15.0,15.0,15.0,4.0
1199,1199,9,15.0,15.0,15.0,15.0,15.0,4.0,4.0,4.0,4.0,4.0,4.0,4.0
1200,1200,4,2.0,4.0,4.0,4.0,4.0,4.0,4.0,15.0,15.0,15.0,15.0,4.0
1201,1201,5,15.0,15.0,15.0,4.0,4.0,15.0,15.0,15.0,4.0,4.0,4.0,4.0
1202,1202,5,15.0,15.0,15.0,4.0,4.0,15.0,15.0,15.0,4.0,4.0,4.0,4.0
1203,1203,2,15.0,15.0,15.0,4.0,4.0,4.0,4.0,4.0,4.0,4.0,4.0,4.0
1204,1204,4,4.0,4.0,4.0,4.0,4.0,4.0,4.0,4.0,15.0,15.0,15.0,4.0
1205,1205,6,2.0,4.0,4.0,4.0,15.0,15.0,15.0,4.0,15.0,15.0,15.0,4.0
1206,1206,7,4.0,4.0,4.0,1.0,4.0,15.0,15.0,15.0,4.0,4.0,4.0,4.0
1207,1207,11,1.0,4.0,4.0,4.0,4.0,4.0,4.0,4.0,4.0,4.0,4.0,4.0
1208,1208,7,2.0,4.0,4.0,4.0,15.0,15.0,15.0,4.0,4.0,1.0,4.0,4.0
1209,1209,11,4.0,4.0,4.0,4.0,4.0,4.0,4.0,4.0,4.0,4.0,4.0,4.0
1210,1210,11,1.0,4.0,4.0,4.0,4.0,4.0,4.0,4.0,4.0,4.0,4.0,4.0
1211,1211,6,4.0,4.0,4.0,4.0,15.0,15.0,15.0,4.0,15.0,15.0,15.0,4.0
1212,1212,6,4.0,4.0,4.0,4.0,15.0,15.0,15.0,4.0,15.0,15.0,15.0,4.0
1213,1213,6,4.0,4.0,4.0,4.0,15.0,15.0,15.0,4.0,15.0,15.0,15.0,4.0
1214,1214,6,2.0,4.0,4.0,4.0,15.0,15.0,15.0,4.0,15.0,15.0,15.0,4.0
1215,1215,11,2.0,4.0,4.0,4.0,4.0,4.0,4.0,1.0,4.0,4.0,4.0,4.0
1216,1216,0,15.0,15.0,15.0,4.0,4.0,4.0,4.0,2.0,15.0,15.0,15.0,4.0
1217,1217,4,4.0,4.0,4.0,4.0,4.0,4.0,4.0,15.0,15.0,15.0,15.0,4.0
1218,1218,4,2.0,4.0,4.0,4.0,4.0,4.0,4.0,15.0,15.0,15.0,15.0,4.0
1219,1219,6,2.0,4.0,4.0,4.0,15.0,15.0,15.0,4.0,15.0,15.0,15.0,4.0
1220,1220,6,2.0,4.0,4.0,4.0,15.0,15.0,15.0,4.0,15.0,15.0,15.0,4.0
1221,1221,11,4.0,4.0,4.0,4.0,4.0,4.0,4.0,4.0,4.0,4.0,4.0,4.0
1222,1222,6,2.0,4.0,4.0,4.0,15.0,15.0,15.0,4.0,15.0,15.0,15.0,4.0
1223,1223,11,4.0,4.0,4.0,4.0,4.0,4.0,4.0,4.0,1.0,4.0,4.0,4.0
1224,1224,6,2.0,4.0,4.0,4.0,15.0,15.0,15.0,4.0,15.0,15.0,15.0,4.0
1225,1225,11,2.0,4.0,4.0,4.0,4.0,4.0,4.0,4.0,4.0,4.0,4.0,4.0
1226,1226,1,4.0,4.0,10.0,10.0,10.0,10.0,15.0,15.0,15.0,4.0,4.0,4.0
1227,1227,6,2.0,4.0,4.0,4.0,15.0,15.0,15.0,4.0,15.0,15.0,15.0,4.0
1228,1228,11,1.0,4.0,4.0,4.0,4.0,4.0,4.0,4.0,4.0,4.0,4.0,4.0
1229,1229,11,1.0,4.0,4.0,4.0,4.0,4.0,4.0,4.0,4.0,4.0,4.0,4.0
1230,1230,0,15.0,15.0,15.0,4.0,4.0,4.0,4.0,15.0,15.0,15.0,15.0,4.0
1231,1231,4,1.0,4.0,4.0,4.0,4.0,4.0,4.0,15.0,15.0,15.0,4.0,4.0
1232,1232,7,4.0,4.0,4.0,4.0,4.0,4.0,15.0,15.0,15.0,4.0,4.0,4.0
1233,1233,11,4.0,4.0,4.0,4.0,4.0,4.0,4.0,4.0,4.0,4.0,4.0,4.0
1234,1234,7,2.0,4.0,4.0,4.0,4.0,4.0,15.0,15.0,15.0,4.0,4.0,4.0
1235,1235,2,15.0,15.0,15.0,4.0,4.0,4.0,4.0,4.0,4.0,4.0,4.0,4.0
1236,1236,11,4.0,4.0,4.0,4.0,4.0,4.0,4.0,4.0,4.0,4.0,4.0,4.0
1237,1237,11,1.0,4.0,4.0,4.0,4.0,4.0,4.0,4.0,4.0,4.0,4.0,4.0
1238,1238,0,15.0,15.0,15.0,4.0,4.0,4.0,4.0,4.0,15.0,15.0,15.0,4.0
1239,1239,1,4.0,4.0,10.0,10.0,10.0,10.0,15.0,15.0,15.0,4.0,4.0,4.0
1240,1240,6,2.0,4.0,4.0,4.0,15.0,15.0,15.0,4.0,15.0,15.0,15.0,4.0
1241,1241,6,4.0,4.0,4.0,4.0,15.0,15.0,15.0,4.0,15.0,15.0,15.0,4.0
1242,1242,0,15.0,15.0,15.0,4.0,4.0,4.0,4.0,4.0,15.0,15.0,15.0,4.0
1243,1243,7,2.0,4.0,4.0,4.0,15.0,15.0,15.0,4.0,4.0,4.0,4.0,4.0
1244,1244,5,1.0,15.0,15.0,15.0,15.0,15.0,15.0,15.0,15.0,4.0,4.0,4.0
1245,1245,0,15.0,15.0,15.0,4.0,4.0,4.0,4.0,2.0,15.0,15.0,15.0,4.0
1246,1246,4,4.0,4.0,4.0,4.0,4.0,4.0,4.0,4.0,15.0,15.0,15.0,4.0
1247,1247,11,2.0,4.0,4.0,4.0,4.0,4.0,4.0,4.0,4.0,4.0,4.0,4.0
1248,1248,11,4.0,4.0,4.0,4.0,4.0,4.0,4.0,4.0,4.0,4.0,4.0,4.0
1249,1249,11,4.0,4.0,4.0,4.0,4.0,4.0,4.0,4.0,1.0,4.0,4.0,4.0
1250,1250,6,2.0,4.0,4.0,4.0,15.0,15.0,15.0,4.0,15.0,15.0,15.0,4.0
1251,1251,4,4.0,1.0,4.0,4.0,4.0,4.0,4.0,4.0,15.0,15.0,15.0,4.0
1252,1252,2,2.0,15.0,15.0,15.0,15.0,1.0,4.0,4.0,4.0,4.0,4.0,4.0
1253,1253,3,2.0,15.0,15.0,15.0,15.0,1.0,4.0,15.0,15.0,15.0,15.0,4.0
1254,1254,11,4.0,4.0,4.0,4.0,4.0,4.0,4.0,4.0,4.0,4.0,4.0,4.0
1255,1255,11,4.0,4.0,4.0,4.0,4.0,4.0,4.0,4.0,4.0,4.0,4.0,4.0
1256,1256,11,4.0,4.0,4.0,4.0,4.0,4.0,4.0,4.0,4.0,4.0,4.0,4.0
1257,1257,2,4.0,15.0,15.0,15.0,15.0,1.0,4.0,1.0,4.0,1.0,4.0,4.0
1258,1258,4,4.0,4.0,4.0,4.0,4.0,4.0,4.0,4.0,15.0,15.0,15.0,4.0
1259,1259,4,4.0,4.0,4.0,4.0,4.0,4.0,4.0,2.0,15.0,15.0,15.0,4.0
1260,1260,4,4.0,4.0,4.0,4.0,4.0,4.0,4.0,4.0,15.0,15.0,15.0,4.0
1261,1261,11,4.0,4.0,4.0,4.0,4.0,4.0,4.0,4.0,4.0,4.0,4.0,4.0
1262,1262,9,15.0,15.0,15.0,4.0,15.0,15.0,15.0,2.0,1.0,4.0,4.0,4.0
1263,1263,2,4.0,15.0,15.0,15.0,4.0,4.0,4.0,4.0,4.0,4.0,4.0,4.0
1264,1264,11,2.0,4.0,4.0,4.0,4.0,4.0,4.0,4.0,4.0,4.0,4.0,4.0
1265,1265,11,2.0,4.0,4.0,4.0,4.0,4.0,4.0,4.0,4.0,4.0,4.0,4.0
1266,1266,2,4.0,15.0,15.0,15.0,4.0,4.0,4.0,4.0,4.0,4.0,4.0,4.0
1267,1267,6,2.0,4.0,4.0,4.0,15.0,15.0,15.0,4.0,15.0,15.0,15.0,4.0
1268,1268,6,2.0,4.0,4.0,4.0,15.0,15.0,15.0,4.0,15.0,15.0,15.0,4.0
1269,1269,2,4.0,15.0,15.0,15.0,4.0,4.0,4.0,4.0,4.0,4.0,4.0,4.0
1270,1270,11,2.0,4.0,4.0,4.0,4.0,4.0,4.0,4.0,4.0,4.0,4.0,4.0
1271,1271,11,4.0,4.0,4.0,4.0,4.0,4.0,4.0,4.0,4.0,4.0,4.0,4.0
1272,1272,11,4.0,1.0,4.0,4.0,4.0,4.0,4.0,4.0,4.0,4.0,4.0,4.0
1273,1273,11,4.0,4.0,4.0,4.0,4.0,4.0,4.0,4.0,4.0,4.0,4.0,4.0
1274,1274,11,4.0,4.0,4.0,4.0,4.0,4.0,4.0,4.0,4.0,4.0,4.0,4.0
1275,1275,3,4.0,15.0,15.0,15.0,15.0,1.0,4.0,15.0,15.0,15.0,15.0,4.0
1276,1276,3,4.0,15.0,15.0,15.0,15.0,1.0,4.0,15.0,15.0,15.0,15.0,4.0
1277,1277,11,4.0,4.0,4.0,4.0,4.0,4.0,4.0,4.0,4.0,4.0,4.0,4.0
1278,1278,11,4.0,4.0,4.0,4.0,4.0,4.0,4.0,4.0,4.0,4.0,4.0,4.0
1279,1279,7,2.0,4.0,4.0,4.0,15.0,15.0,15.0,4.0,4.0,4.0,4.0,4.0
1280,1280,3,4.0,15.0,15.0,15.0,15.0,1.0,4.0,15.0,15.0,15.0,15.0,4.0
1281,1281,3,4.0,15.0,15.0,15.0,15.0,1.0,4.0,1.0,15.0,15.0,15.0,4.0
1282,1282,2,4.0,15.0,15.0,15.0,4.0,4.0,4.0,4.0,4.0,4.0,4.0,4.0
1283,1283,11,4.0,1.0,4.0,4.0,4.0,4.0,4.0,4.0,4.0,4.0,4.0,4.0
1284,1284,2,15.0,15.0,15.0,15.0,4.0,4.0,4.0,4.0,4.0,4.0,4.0,4.0
1285,1285,2,4.0,15.0,15.0,15.0,4.0,4.0,4.0,4.0,4.0,4.0,4.0,4.0
1286,1286,6,2.0,4.0,4.0,4.0,15.0,15.0,15.0,4.0,15.0,15.0,15.0,4.0
1287,1287,6,4.0,4.0,4.0,4.0,15.0,15.0,15.0,4.0,15.0,15.0,15.0,4.0
1288,1288,11,2.0,4.0,4.0,4.0,4.0,4.0,4.0,4.0,4.0,4.0,4.0,4.0
1289,1289,11,2.0,4.0,4.0,4.0,4.0,4.0,4.0,4.0,4.0,4.0,4.0,4.0
1290,1290,11,2.0,4.0,4.0,4.0,4.0,4.0,4.0,4.0,4.0,4.0,4.0,4.0
1291,1291,3,4.0,15.0,15.0,15.0,15.0,1.0,4.0,15.0,15.0,15.0,15.0,4.0
1292,1292,2,1.0,15.0,15.0,15.0,4.0,4.0,4.0,4.0,4.0,4.0,4.0,4.0
1293,1293,3,4.0,15.0,15.0,15.0,15.0,1.0,4.0,15.0,15.0,15.0,15.0,4.0
1294,1294,2,4.0,15.0,15.0,15.0,4.0,4.0,4.0,4.0,4.0,4.0,4.0,4.0
1295,1295,11,2.0,4.0,4.0,4.0,4.0,4.0,4.0,4.0,4.0,4.0,4.0,4.0
1296,1296,11,4.0,4.0,4.0,4.0,4.0,4.0,4.0,4.0,4.0,4.0,4.0,4.0
1297,1297,6,4.0,4.0,4.0,4.0,15.0,15.0,15.0,4.0,15.0,15.0,15.0,4.0
1298,1298,6,2.0,4.0,4.0,4.0,15.0,15.0,15.0,4.0,15.0,15.0,15.0,4.0
1299,1299,7,4.0,4.0,4.0,4.0,15.0,15.0,15.0,4.0,4.0,4.0,4.0,4.0
1300,1300,7,1.0,4.0,4.0,4.0,15.0,15.0,15.0,4.0,4.0,4.0,4.0,4.0
1301,1301,7,4.0,4.0,4.0,4.0,15.0,15.0,15.0,4.0,4.0,4.0,4.0,4.0
1302,1302,9,10.0,10.0,10.0,10.0,15.0,15.0,15.0,4.0,4.0,4.0,4.0,4.0
1303,1303,11,2.0,4.0,4.0,4.0,4.0,4.0,4.0,4.0,4.0,4.0,4.0,4.0
1304,1304,1,1.0,4.0,4.0,4.0,15.0,15.0,15.0,15.0,15.0,4.0,4.0,4.0
1305,1305,7,1.0,4.0,4.0,4.0,15.0,15.0,15.0,4.0,4.0,4.0,4.0,4.0
1306,1306,7,2.0,4.0,4.0,4.0,4.0,15.0,15.0,15.0,4.0,4.0,4.0,4.0
1307,1307,7,2.0,4.0,4.0,4.0,4.0,15.0,15.0,15.0,4.0,4.0,4.0,4.0
1308,1308,7,4.0,4.0,4.0,4.0,4.0,15.0,15.0,15.0,15.0,4.0,4.0,4.0
1309,1309,1,1.0,4.0,4.0,4.0,15.0,15.0,15.0,15.0,15.0,4.0,4.0,4.0
1310,1310,3,2.0,15.0,15.0,15.0,15.0,1.0,4.0,15.0,15.0,15.0,15.0,4.0
1311,1311,7,4.0,4.0,4.0,4.0,15.0,15.0,15.0,4.0,4.0,4.0,4.0,4.0
1312,1312,7,1.0,4.0,4.0,4.0,1.0,15.0,15.0,15.0,4.0,4.0,4.0,4.0
1313,1313,7,4.0,4.0,4.0,4.0,15.0,15.0,15.0,15.0,4.0,4.0,4.0,4.0
1314,1314,5,15.0,15.0,15.0,4.0,15.0,15.0,15.0,15.0,15.0,4.0,4.0,4.0
1315,1315,2,15.0,15.0,15.0,4.0,4.0,4.0,4.0,1.0,4.0,4.0,4.0,4.0
1316,1316,7,1.0,4.0,4.0,4.0,4.0,15.0,15.0,15.0,15.0,4.0,4.0,4.0
1317,1317,2,4.0,15.0,15.0,15.0,4.0,4.0,4.0,4.0,4.0,4.0,4.0,4.0
1318,1318,2,4.0,15.0,15.0,15.0,4.0,4.0,4.0,4.0,4.0,4.0,4.0,4.0
1319,1319,2,4.0,15.0,15.0,15.0,4.0,4.0,4.0,4.0,4.0,4.0,4.0,4.0
1320,1320,7,4.0,4.0,4.0,4.0,15.0,15.0,15.0,4.0,4.0,4.0,4.0,4.0
1321,1321,7,1.0,4.0,4.0,4.0,15.0,15.0,15.0,4.0,4.0,4.0,4.0,4.0
1322,1322,7,1.0,4.0,4.0,4.0,4.0,15.0,15.0,15.0,15.0,4.0,4.0,4.0
1323,1323,7,1.0,4.0,4.0,4.0,15.0,15.0,15.0,4.0,4.0,4.0,4.0,4.0
1324,1324,0,15.0,15.0,15.0,15.0,15.0,1.0,4.0,1.0,15.0,15.0,15.0,4.0
1325,1325,7,4.0,4.0,4.0,4.0,4.0,15.0,15.0,15.0,15.0,4.0,4.0,4.0
1326,1326,0,15.0,15.0,15.0,15.0,15.0,1.0,4.0,15.0,15.0,15.0,15.0,4.0
1327,1327,7,4.0,4.0,4.0,4.0,4.0,15.0,15.0,15.0,15.0,4.0,4.0,4.0
1328,1328,7,1.0,4.0,4.0,4.0,4.0,15.0,15.0,15.0,15.0,4.0,4.0,4.0
1329,1329,11,4.0,4.0,1.0,4.0,4.0,4.0,4.0,4.0,4.0,4.0,4.0,4.0
1330,1330,7,4.0,4.0,4.0,4.0,15.0,15.0,15.0,4.0,4.0,4.0,4.0,4.0
1331,1331,7,4.0,4.0,4.0,4.0,15.0,15.0,15.0,4.0,4.0,4.0,4.0,4.0
1332,1332,3,1.0,15.0,15.0,15.0,15.0,1.0,4.0,1.0,15.0,15.0,15.0,4.0
1333,1333,1,4.0,4.0,15.0,15.0,15.0,15.0,15.0,15.0,15.0,4.0,4.0,4.0
1334,1334,1,4.0,4.0,15.0,15.0,15.0,15.0,15.0,15.0,15.0,4.0,4.0,4.0
1335,1335,1,4.0,4.0,15.0,15.0,15.0,15.0,15.0,15.0,15.0,4.0,4.0,4.0
1336,1336,1,4.0,4.0,15.0,15.0,15.0,15.0,15.0,15.0,15.0,4.0,4.0,4.0
1337,1337,4,4.0,4.0,4.0,4.0,4.0,4.0,15.0,15.0,15.0,15.0,15.0,4.0
1338,1338,4,4.0,4.0,4.0,4.0,4.0,4.0,15.0,15.0,15.0,15.0,15.0,4.0
1339,1339,4,4.0,4.0,4.0,4.0,4.0,4.0,15.0,15.0,15.0,15.0,15.0,4.0
1340,1340,4,4.0,4.0,4.0,4.0,4.0,4.0,15.0,15.0,15.0,15.0,15.0,4.0
1341,1341,4,4.0,4.0,4.0,4.0,4.0,4.0,15.0,15.0,15.0,15.0,15.0,4.0
1342,1342,4,4.0,4.0,4.0,4.0,4.0,4.0,15.0,15.0,15.0,15.0,15.0,4.0
1343,1343,7,1.0,4.0,4.0,4.0,4.0,15.0,15.0,15.0,15.0,4.0,4.0,4.0
1344,1344,4,2.0,4.0,4.0,4.0,4.0,4.0,15.0,15.0,15.0,15.0,15.0,4.0
1345,1345,6,4.0,4.0,4.0,4.0,15.0,15.0,15.0,4.0,15.0,15.0,15.0,4.0
1346,1346,6,4.0,4.0,4.0,4.0,15.0,15.0,15.0,4.0,15.0,15.0,15.0,4.0
1347,1347,6,4.0,4.0,4.0,4.0,15.0,15.0,15.0,4.0,15.0,15.0,15.0,4.0
1348,1348,7,1.0,4.0,4.0,4.0,15.0,15.0,15.0,4.0,4.0,4.0,4.0,4.0
1349,1349,4,4.0,4.0,4.0,4.0,4.0,4.0,15.0,15.0,15.0,15.0,15.0,4.0
1350,1350,0,15.0,15.0,15.0,15.0,15.0,1.0,4.0,15.0,15.0,15.0,15.0,4.0
1351,1351,7,4.0,4.0,4.0,4.0,15.0,15.0,15.0,4.0,4.0,4.0,4.0,4.0
1352,1352,8,4.0,15.0,15.0,15.0,15.0,15.0,4.0,4.0,4.0,4.0,4.0,4.0
